, where, what, value
0, Driver, kernel_time, 0.000491877000
1, Driver, total_time, 0.004952039000
2, GPU[1].CommandProcessor, kernel_time, 0.000437100000
3, GPU[1].SA[0].CU[0], cu_inst_count, 271.000000000000
4, GPU[1].SA[0].CU[0], cu_CPI, 1815.044280442803
5, GPU[1].SA[0].CU[0], simd_inst_count, 84.000000000000
6, GPU[1].SA[0].CU[0], simd_CPI, 5855.678571428566
7, GPU[1].SA[0].CU[1], cu_inst_count, 637.000000000000
8, GPU[1].SA[0].CU[1], cu_CPI, 772.177394034536
9, GPU[1].SA[0].CU[1], simd_inst_count, 94.000000000000
10, GPU[1].SA[0].CU[1], simd_CPI, 5232.734042553187
11, GPU[1].SA[0].CU[2], cu_inst_count, 814.000000000000
12, GPU[1].SA[0].CU[2], cu_CPI, 604.271498771498
13, GPU[1].SA[0].CU[2], simd_inst_count, 142.000000000000
14, GPU[1].SA[0].CU[2], simd_CPI, 3463.922535211264
15, GPU[1].SA[0].CU[3], cu_inst_count, 488.000000000000
16, GPU[1].SA[0].CU[3], cu_CPI, 1007.944672131147
17, GPU[1].SA[0].CU[3], simd_inst_count, 144.000000000000
18, GPU[1].SA[0].CU[3], simd_CPI, 3415.812499999997
19, GPU[1].SA[1].CU[0], cu_inst_count, 488.000000000000
20, GPU[1].SA[1].CU[0], cu_CPI, 1007.944672131147
21, GPU[1].SA[1].CU[0], simd_inst_count, 144.000000000000
22, GPU[1].SA[1].CU[0], simd_CPI, 3415.812499999997
23, GPU[1].SA[1].CU[1], cu_inst_count, 290.000000000000
24, GPU[1].SA[1].CU[1], cu_CPI, 1696.127586206895
25, GPU[1].SA[1].CU[1], simd_inst_count, 181.000000000000
26, GPU[1].SA[1].CU[1], simd_CPI, 2717.552486187843
27, GPU[1].SA[1].CU[2], cu_inst_count, 1151.000000000000
28, GPU[1].SA[1].CU[2], cu_CPI, 427.347523892267
29, GPU[1].SA[1].CU[2], simd_inst_count, 284.000000000000
30, GPU[1].SA[1].CU[2], simd_CPI, 1731.961267605632
31, GPU[1].SA[1].CU[3], cu_inst_count, 886.000000000000
32, GPU[1].SA[1].CU[3], cu_CPI, 555.165914221218
33, GPU[1].SA[1].CU[3], simd_inst_count, 212.000000000000
34, GPU[1].SA[1].CU[3], simd_CPI, 2320.174528301884
35, GPU[1].SA[2].CU[0], cu_inst_count, 1389.000000000000
36, GPU[1].SA[2].CU[0], cu_CPI, 354.123110151188
37, GPU[1].SA[2].CU[0], simd_inst_count, 258.000000000000
38, GPU[1].SA[2].CU[0], simd_CPI, 1906.499999999998
39, GPU[1].SA[2].CU[1], cu_inst_count, 1063.000000000000
40, GPU[1].SA[2].CU[1], cu_CPI, 462.725305738476
41, GPU[1].SA[2].CU[1], simd_inst_count, 260.000000000000
42, GPU[1].SA[2].CU[1], simd_CPI, 1891.834615384614
43, GPU[1].SA[2].CU[2], cu_inst_count, 271.000000000000
44, GPU[1].SA[2].CU[2], cu_CPI, 1815.044280442803
45, GPU[1].SA[2].CU[2], simd_inst_count, 84.000000000000
46, GPU[1].SA[2].CU[2], simd_CPI, 5855.678571428566
47, GPU[1].SA[2].CU[3], cu_inst_count, 637.000000000000
48, GPU[1].SA[2].CU[3], cu_CPI, 772.177394034536
49, GPU[1].SA[2].CU[3], simd_inst_count, 94.000000000000
50, GPU[1].SA[2].CU[3], simd_CPI, 5232.734042553187
51, GPU[1].SA[3].CU[0], cu_inst_count, 814.000000000000
52, GPU[1].SA[3].CU[0], cu_CPI, 604.271498771498
53, GPU[1].SA[3].CU[0], simd_inst_count, 142.000000000000
54, GPU[1].SA[3].CU[0], simd_CPI, 3463.922535211264
55, GPU[1].SA[3].CU[1], cu_inst_count, 488.000000000000
56, GPU[1].SA[3].CU[1], cu_CPI, 1007.944672131147
57, GPU[1].SA[3].CU[1], simd_inst_count, 144.000000000000
58, GPU[1].SA[3].CU[1], simd_CPI, 3415.812499999997
59, GPU[1].SA[3].CU[2], cu_inst_count, 488.000000000000
60, GPU[1].SA[3].CU[2], cu_CPI, 1007.944672131147
61, GPU[1].SA[3].CU[2], simd_inst_count, 144.000000000000
62, GPU[1].SA[3].CU[2], simd_CPI, 3415.812499999997
63, GPU[1].SA[3].CU[3], cu_inst_count, 290.000000000000
64, GPU[1].SA[3].CU[3], cu_CPI, 1696.127586206895
65, GPU[1].SA[3].CU[3], simd_inst_count, 181.000000000000
66, GPU[1].SA[3].CU[3], simd_CPI, 2717.552486187843
67, GPU[1].SA[4].CU[0], cu_inst_count, 1185.000000000000
68, GPU[1].SA[4].CU[0], cu_CPI, 415.086075949367
69, GPU[1].SA[4].CU[0], simd_inst_count, 296.000000000000
70, GPU[1].SA[4].CU[0], simd_CPI, 1661.746621621620
71, GPU[1].SA[4].CU[1], cu_inst_count, 920.000000000000
72, GPU[1].SA[4].CU[1], cu_CPI, 534.648913043478
73, GPU[1].SA[4].CU[1], simd_inst_count, 224.000000000000
74, GPU[1].SA[4].CU[1], simd_CPI, 2195.879464285712
75, GPU[1].SA[4].CU[2], cu_inst_count, 1423.000000000000
76, GPU[1].SA[4].CU[2], cu_CPI, 345.661981728742
77, GPU[1].SA[4].CU[2], simd_inst_count, 270.000000000000
78, GPU[1].SA[4].CU[2], simd_CPI, 1821.766666666665
79, GPU[1].SA[4].CU[3], cu_inst_count, 1097.000000000000
80, GPU[1].SA[4].CU[3], cu_CPI, 448.383773928897
81, GPU[1].SA[4].CU[3], simd_inst_count, 272.000000000000
82, GPU[1].SA[4].CU[3], simd_CPI, 1808.371323529410
83, GPU[1].SA[5].CU[0], cu_inst_count, 488.000000000000
84, GPU[1].SA[5].CU[0], cu_CPI, 1007.944672131147
85, GPU[1].SA[5].CU[0], simd_inst_count, 144.000000000000
86, GPU[1].SA[5].CU[0], simd_CPI, 3415.812499999997
87, GPU[1].SA[5].CU[1], cu_inst_count, 311.000000000000
88, GPU[1].SA[5].CU[1], cu_CPI, 1581.598070739548
89, GPU[1].SA[5].CU[1], simd_inst_count, 96.000000000000
90, GPU[1].SA[5].CU[1], simd_CPI, 5123.718749999995
91, GPU[1].SA[5].CU[2], cu_inst_count, 787.000000000000
92, GPU[1].SA[5].CU[2], cu_CPI, 625.002541296060
93, GPU[1].SA[5].CU[2], simd_inst_count, 222.000000000000
94, GPU[1].SA[5].CU[2], simd_CPI, 2215.662162162160
95, GPU[1].SA[5].CU[3], cu_inst_count, 1063.000000000000
96, GPU[1].SA[5].CU[3], cu_CPI, 462.725305738476
97, GPU[1].SA[5].CU[3], simd_inst_count, 260.000000000000
98, GPU[1].SA[5].CU[3], simd_CPI, 1891.834615384614
99, GPU[1].SA[6].CU[0], cu_inst_count, 1063.000000000000
100, GPU[1].SA[6].CU[0], cu_CPI, 462.725305738476
101, GPU[1].SA[6].CU[0], simd_inst_count, 260.000000000000
102, GPU[1].SA[6].CU[0], simd_CPI, 1891.834615384614
103, GPU[1].SA[6].CU[1], cu_inst_count, 892.000000000000
104, GPU[1].SA[6].CU[1], cu_CPI, 551.431614349775
105, GPU[1].SA[6].CU[1], simd_inst_count, 217.000000000000
106, GPU[1].SA[6].CU[1], simd_CPI, 2266.714285714284
107, GPU[1].SA[6].CU[2], cu_inst_count, 1151.000000000000
108, GPU[1].SA[6].CU[2], cu_CPI, 427.347523892267
109, GPU[1].SA[6].CU[2], simd_inst_count, 285.000000000000
110, GPU[1].SA[6].CU[2], simd_CPI, 1725.884210526314
111, GPU[1].SA[6].CU[3], cu_inst_count, 311.000000000000
112, GPU[1].SA[6].CU[3], cu_CPI, 1581.598070739548
113, GPU[1].SA[6].CU[3], simd_inst_count, 96.000000000000
114, GPU[1].SA[6].CU[3], simd_CPI, 5123.718749999995
115, GPU[1].SA[7].CU[0], cu_inst_count, 637.000000000000
116, GPU[1].SA[7].CU[0], cu_CPI, 772.177394034536
117, GPU[1].SA[7].CU[0], simd_inst_count, 94.000000000000
118, GPU[1].SA[7].CU[0], simd_CPI, 5232.734042553187
119, GPU[1].SA[7].CU[1], cu_inst_count, 814.000000000000
120, GPU[1].SA[7].CU[1], cu_CPI, 604.271498771498
121, GPU[1].SA[7].CU[1], simd_inst_count, 142.000000000000
122, GPU[1].SA[7].CU[1], simd_CPI, 3463.922535211264
123, GPU[1].SA[7].CU[2], cu_inst_count, 488.000000000000
124, GPU[1].SA[7].CU[2], cu_CPI, 1007.944672131147
125, GPU[1].SA[7].CU[2], simd_inst_count, 144.000000000000
126, GPU[1].SA[7].CU[2], simd_CPI, 3415.812499999997
127, GPU[1].SA[7].CU[3], cu_inst_count, 488.000000000000
128, GPU[1].SA[7].CU[3], cu_CPI, 1007.944672131147
129, GPU[1].SA[7].CU[3], simd_inst_count, 144.000000000000
130, GPU[1].SA[7].CU[3], simd_CPI, 3415.812499999997
131, GPU[1].SA[8].CU[0], cu_inst_count, 290.000000000000
132, GPU[1].SA[8].CU[0], cu_CPI, 1696.127586206895
133, GPU[1].SA[8].CU[0], simd_inst_count, 181.000000000000
134, GPU[1].SA[8].CU[0], simd_CPI, 2717.552486187843
135, GPU[1].SA[8].CU[1], cu_inst_count, 1185.000000000000
136, GPU[1].SA[8].CU[1], cu_CPI, 415.086075949367
137, GPU[1].SA[8].CU[1], simd_inst_count, 296.000000000000
138, GPU[1].SA[8].CU[1], simd_CPI, 1661.746621621620
139, GPU[1].SA[8].CU[2], cu_inst_count, 920.000000000000
140, GPU[1].SA[8].CU[2], cu_CPI, 534.648913043478
141, GPU[1].SA[8].CU[2], simd_inst_count, 225.000000000000
142, GPU[1].SA[8].CU[2], simd_CPI, 2186.119999999998
143, GPU[1].SA[8].CU[3], cu_inst_count, 1423.000000000000
144, GPU[1].SA[8].CU[3], cu_CPI, 345.661981728742
145, GPU[1].SA[8].CU[3], simd_inst_count, 271.000000000000
146, GPU[1].SA[8].CU[3], simd_CPI, 1815.044280442803
147, GPU[1].SA[9].CU[0], cu_inst_count, 1097.000000000000
148, GPU[1].SA[9].CU[0], cu_CPI, 448.383773928897
149, GPU[1].SA[9].CU[0], simd_inst_count, 272.000000000000
150, GPU[1].SA[9].CU[0], simd_CPI, 1808.371323529410
151, GPU[1].SA[9].CU[1], cu_inst_count, 271.000000000000
152, GPU[1].SA[9].CU[1], cu_CPI, 1815.044280442803
153, GPU[1].SA[9].CU[1], simd_inst_count, 84.000000000000
154, GPU[1].SA[9].CU[1], simd_CPI, 5855.678571428566
155, GPU[1].SA[9].CU[2], cu_inst_count, 637.000000000000
156, GPU[1].SA[9].CU[2], cu_CPI, 772.177394034536
157, GPU[1].SA[9].CU[2], simd_inst_count, 94.000000000000
158, GPU[1].SA[9].CU[2], simd_CPI, 5232.734042553187
159, GPU[1].SA[9].CU[3], cu_inst_count, 814.000000000000
160, GPU[1].SA[9].CU[3], cu_CPI, 604.271498771498
161, GPU[1].SA[9].CU[3], simd_inst_count, 142.000000000000
162, GPU[1].SA[9].CU[3], simd_CPI, 3463.922535211264
163, GPU[1].SA[10].CU[0], cu_inst_count, 488.000000000000
164, GPU[1].SA[10].CU[0], cu_CPI, 1007.944672131147
165, GPU[1].SA[10].CU[0], simd_inst_count, 144.000000000000
166, GPU[1].SA[10].CU[0], simd_CPI, 3415.812499999997
167, GPU[1].SA[10].CU[1], cu_inst_count, 488.000000000000
168, GPU[1].SA[10].CU[1], cu_CPI, 1007.944672131147
169, GPU[1].SA[10].CU[1], simd_inst_count, 144.000000000000
170, GPU[1].SA[10].CU[1], simd_CPI, 3415.812499999997
171, GPU[1].SA[10].CU[2], cu_inst_count, 290.000000000000
172, GPU[1].SA[10].CU[2], cu_CPI, 1696.127586206895
173, GPU[1].SA[10].CU[2], simd_inst_count, 181.000000000000
174, GPU[1].SA[10].CU[2], simd_CPI, 2717.552486187843
175, GPU[1].SA[10].CU[3], cu_inst_count, 1168.000000000000
176, GPU[1].SA[10].CU[3], cu_CPI, 421.127568493150
177, GPU[1].SA[10].CU[3], simd_inst_count, 290.000000000000
178, GPU[1].SA[10].CU[3], simd_CPI, 1696.127586206895
179, GPU[1].SA[11].CU[0], cu_inst_count, 903.000000000000
180, GPU[1].SA[11].CU[0], cu_CPI, 544.714285714285
181, GPU[1].SA[11].CU[0], simd_inst_count, 218.000000000000
182, GPU[1].SA[11].CU[0], simd_CPI, 2256.316513761466
183, GPU[1].SA[11].CU[1], cu_inst_count, 1406.000000000000
184, GPU[1].SA[11].CU[1], cu_CPI, 349.841394025604
185, GPU[1].SA[11].CU[1], simd_inst_count, 265.000000000000
186, GPU[1].SA[11].CU[1], simd_CPI, 1856.139622641508
187, GPU[1].SA[11].CU[2], cu_inst_count, 1080.000000000000
188, GPU[1].SA[11].CU[2], cu_CPI, 455.441666666666
189, GPU[1].SA[11].CU[2], simd_inst_count, 267.000000000000
190, GPU[1].SA[11].CU[2], simd_CPI, 1842.235955056178
191, GPU[1].SA[11].CU[3], cu_inst_count, 244.000000000000
192, GPU[1].SA[11].CU[3], cu_CPI, 2015.889344262293
193, GPU[1].SA[11].CU[3], simd_inst_count, 72.000000000000
194, GPU[1].SA[11].CU[3], simd_CPI, 6831.624999999994
195, GPU[1].SA[12].CU[0], cu_inst_count, 67.000000000000
196, GPU[1].SA[12].CU[0], cu_CPI, 7341.447761194023
197, GPU[1].SA[12].CU[0], simd_inst_count, 24.000000000000
198, GPU[1].SA[12].CU[0], simd_CPI, 20494.874999999982
199, GPU[1].SA[12].CU[1], cu_inst_count, 570.000000000000
200, GPU[1].SA[12].CU[1], cu_CPI, 862.942105263157
201, GPU[1].SA[12].CU[1], simd_inst_count, 70.000000000000
202, GPU[1].SA[12].CU[1], simd_CPI, 7026.814285714279
203, GPU[1].SA[12].CU[2], cu_inst_count, 244.000000000000
204, GPU[1].SA[12].CU[2], cu_CPI, 2015.889344262293
205, GPU[1].SA[12].CU[2], simd_inst_count, 72.000000000000
206, GPU[1].SA[12].CU[2], simd_CPI, 6831.624999999994
207, GPU[1].SA[12].CU[3], cu_inst_count, 244.000000000000
208, GPU[1].SA[12].CU[3], cu_CPI, 2015.889344262293
209, GPU[1].SA[12].CU[3], simd_inst_count, 72.000000000000
210, GPU[1].SA[12].CU[3], simd_CPI, 6831.624999999994
211, GPU[1].SA[13].CU[0], cu_inst_count, 73.000000000000
212, GPU[1].SA[13].CU[0], cu_CPI, 6738.041095890405
213, GPU[1].SA[13].CU[0], simd_inst_count, 29.000000000000
214, GPU[1].SA[13].CU[0], simd_CPI, 16961.275862068949
215, GPU[1].SA[13].CU[1], cu_inst_count, 332.000000000000
216, GPU[1].SA[13].CU[1], cu_CPI, 1481.557228915661
217, GPU[1].SA[13].CU[1], simd_inst_count, 96.000000000000
218, GPU[1].SA[13].CU[1], simd_CPI, 5123.718749999995
219, GPU[1].SA[13].CU[2], cu_inst_count, 67.000000000000
220, GPU[1].SA[13].CU[2], cu_CPI, 7341.447761194023
221, GPU[1].SA[13].CU[2], simd_inst_count, 24.000000000000
222, GPU[1].SA[13].CU[2], simd_CPI, 20494.874999999982
223, GPU[1].SA[13].CU[3], cu_inst_count, 570.000000000000
224, GPU[1].SA[13].CU[3], cu_CPI, 862.942105263157
225, GPU[1].SA[13].CU[3], simd_inst_count, 70.000000000000
226, GPU[1].SA[13].CU[3], simd_CPI, 7026.814285714279
227, GPU[1].SA[14].CU[0], cu_inst_count, 244.000000000000
228, GPU[1].SA[14].CU[0], cu_CPI, 2015.889344262293
229, GPU[1].SA[14].CU[0], simd_inst_count, 72.000000000000
230, GPU[1].SA[14].CU[0], simd_CPI, 6831.624999999994
231, GPU[1].SA[14].CU[1], cu_inst_count, 244.000000000000
232, GPU[1].SA[14].CU[1], cu_CPI, 2015.889344262293
233, GPU[1].SA[14].CU[1], simd_inst_count, 72.000000000000
234, GPU[1].SA[14].CU[1], simd_CPI, 6831.624999999994
235, GPU[1].SA[14].CU[2], cu_inst_count, 244.000000000000
236, GPU[1].SA[14].CU[2], cu_CPI, 2015.889344262293
237, GPU[1].SA[14].CU[2], simd_inst_count, 72.000000000000
238, GPU[1].SA[14].CU[2], simd_CPI, 6831.624999999994
239, GPU[1].SA[14].CU[3], cu_inst_count, 217.000000000000
240, GPU[1].SA[14].CU[3], cu_CPI, 2266.714285714284
241, GPU[1].SA[14].CU[3], simd_inst_count, 152.000000000000
242, GPU[1].SA[14].CU[3], simd_CPI, 3236.032894736839
243, GPU[1].SA[15].CU[0], cu_inst_count, 836.000000000000
244, GPU[1].SA[15].CU[0], cu_CPI, 588.369617224880
245, GPU[1].SA[15].CU[0], simd_inst_count, 194.000000000000
246, GPU[1].SA[15].CU[0], simd_CPI, 2535.448453608245
247, GPU[1].SA[15].CU[1], cu_inst_count, 836.000000000000
248, GPU[1].SA[15].CU[1], cu_CPI, 588.369617224880
249, GPU[1].SA[15].CU[1], simd_inst_count, 195.000000000000
250, GPU[1].SA[15].CU[1], simd_CPI, 2522.446153846151
251, GPU[1].SA[15].CU[2], cu_inst_count, 836.000000000000
252, GPU[1].SA[15].CU[2], cu_CPI, 588.369617224880
253, GPU[1].SA[15].CU[2], simd_inst_count, 195.000000000000
254, GPU[1].SA[15].CU[2], simd_CPI, 2522.446153846151
255, GPU[1].SA[15].CU[3], cu_inst_count, 836.000000000000
256, GPU[1].SA[15].CU[3], cu_CPI, 588.369617224880
257, GPU[1].SA[15].CU[3], simd_inst_count, 195.000000000000
258, GPU[1].SA[15].CU[3], simd_CPI, 2522.446153846151
259, GPU[1].SA[0].CU[0], CPIStack.Branch, 0.221402214025
260, GPU[1].SA[0].CU[0], CPIStack.Fetch, 7.188191881920
261, GPU[1].SA[0].CU[0], CPIStack.Idle, 9795.070110701106
262, GPU[1].SA[0].CU[0], CPIStack.ScalarInst, 1.047970479703
263, GPU[1].SA[0].CU[0], CPIStack.ScalarMem, 8.501845018451
264, GPU[1].SA[0].CU[0], CPIStack.ScalarMemInst, 0.232472324723
265, GPU[1].SA[0].CU[0], CPIStack.Special, 0.092250922507
266, GPU[1].SA[0].CU[0], CPIStack.VALU, 1.394833948341
267, GPU[1].SA[0].CU[0], CPIStack.VMem, 11.007380073800
268, GPU[1].SA[0].CU[0], CPIStack.VMemInst, 3.132841328413
269, GPU[1].SA[0].CU[0], CPIStack.total, 17372.523985239852
270, GPU[1].SA[0].CU[0], SIMDCPIStack.Branch, 0.714285714295
271, GPU[1].SA[0].CU[0], SIMDCPIStack.Fetch, 23.190476190479
272, GPU[1].SA[0].CU[0], SIMDCPIStack.Idle, 31600.761904761905
273, GPU[1].SA[0].CU[0], SIMDCPIStack.ScalarInst, 3.380952380946
274, GPU[1].SA[0].CU[0], SIMDCPIStack.ScalarMem, 27.428571428574
275, GPU[1].SA[0].CU[0], SIMDCPIStack.ScalarMemInst, 0.749999999998
276, GPU[1].SA[0].CU[0], SIMDCPIStack.Special, 0.297619047612
277, GPU[1].SA[0].CU[0], SIMDCPIStack.VALU, 4.500000000005
278, GPU[1].SA[0].CU[0], SIMDCPIStack.VMem, 35.511904761904
279, GPU[1].SA[0].CU[0], SIMDCPIStack.VMemInst, 10.107142857143
280, GPU[1].SA[0].CU[0], SIMDCPIStack.total, 56047.071428571428
281, GPU[1].SA[0].CU[1], CPIStack.Branch, 0.244897959184
282, GPU[1].SA[0].CU[1], CPIStack.Fetch, 3.070643642072
283, GPU[1].SA[0].CU[1], CPIStack.Idle, 4166.566718995290
284, GPU[1].SA[0].CU[1], CPIStack.LDS, 0.031397174254
285, GPU[1].SA[0].CU[1], CPIStack.ScalarInst, 0.621664050236
286, GPU[1].SA[0].CU[1], CPIStack.ScalarMem, 4.753532182105
287, GPU[1].SA[0].CU[1], CPIStack.ScalarMemInst, 0.020408163264
288, GPU[1].SA[0].CU[1], CPIStack.Special, 0.061224489796
289, GPU[1].SA[0].CU[1], CPIStack.VALU, 0.651491365776
290, GPU[1].SA[0].CU[1], CPIStack.VMem, 2.503924646782
291, GPU[1].SA[0].CU[1], CPIStack.VMemInst, 0.423861852433
292, GPU[1].SA[0].CU[1], CPIStack.total, 7312.210361067504
293, GPU[1].SA[0].CU[1], SIMDCPIStack.Branch, 1.380530973454
294, GPU[1].SA[0].CU[1], SIMDCPIStack.Fetch, 17.309734513275
295, GPU[1].SA[0].CU[1], SIMDCPIStack.Idle, 23487.637168141591
296, GPU[1].SA[0].CU[1], SIMDCPIStack.LDS, 0.176991150442
297, GPU[1].SA[0].CU[1], SIMDCPIStack.ScalarInst, 3.504424778764
298, GPU[1].SA[0].CU[1], SIMDCPIStack.ScalarMem, 26.796460176997
299, GPU[1].SA[0].CU[1], SIMDCPIStack.ScalarMemInst, 0.115044247783
300, GPU[1].SA[0].CU[1], SIMDCPIStack.Special, 0.345132743362
301, GPU[1].SA[0].CU[1], SIMDCPIStack.VALU, 3.672566371673
302, GPU[1].SA[0].CU[1], SIMDCPIStack.VMem, 14.115044247788
303, GPU[1].SA[0].CU[1], SIMDCPIStack.VMemInst, 2.389380530975
304, GPU[1].SA[0].CU[1], SIMDCPIStack.total, 41220.159292035401
305, GPU[1].SA[0].CU[2], CPIStack.Branch, 0.257985257985
306, GPU[1].SA[0].CU[2], CPIStack.Fetch, 2.880835380835
307, GPU[1].SA[0].CU[2], CPIStack.Idle, 3255.998771498771
308, GPU[1].SA[0].CU[2], CPIStack.LDS, 0.024570024570
309, GPU[1].SA[0].CU[2], CPIStack.ScalarInst, 0.802211302213
310, GPU[1].SA[0].CU[2], CPIStack.ScalarMem, 2.815724815725
311, GPU[1].SA[0].CU[2], CPIStack.ScalarMemInst, 0.074938574938
312, GPU[1].SA[0].CU[2], CPIStack.Special, 0.071253071252
313, GPU[1].SA[0].CU[2], CPIStack.VALU, 0.819410319410
314, GPU[1].SA[0].CU[2], CPIStack.VMem, 3.733415233416
315, GPU[1].SA[0].CU[2], CPIStack.VMemInst, 1.063882063883
316, GPU[1].SA[0].CU[2], CPIStack.total, 5659.022113022113
317, GPU[1].SA[0].CU[2], SIMDCPIStack.Branch, 1.280487804879
318, GPU[1].SA[0].CU[2], SIMDCPIStack.Fetch, 14.298780487802
319, GPU[1].SA[0].CU[2], SIMDCPIStack.Idle, 16160.871951219513
320, GPU[1].SA[0].CU[2], SIMDCPIStack.LDS, 0.121951219514
321, GPU[1].SA[0].CU[2], SIMDCPIStack.ScalarInst, 3.981707317080
322, GPU[1].SA[0].CU[2], SIMDCPIStack.ScalarMem, 13.975609756098
323, GPU[1].SA[0].CU[2], SIMDCPIStack.ScalarMemInst, 0.371951219511
324, GPU[1].SA[0].CU[2], SIMDCPIStack.Special, 0.353658536580
325, GPU[1].SA[0].CU[2], SIMDCPIStack.VALU, 4.067073170728
326, GPU[1].SA[0].CU[2], SIMDCPIStack.VMem, 18.530487804881
327, GPU[1].SA[0].CU[2], SIMDCPIStack.VMemInst, 5.280487804881
328, GPU[1].SA[0].CU[2], SIMDCPIStack.total, 28088.073170731706
329, GPU[1].SA[0].CU[3], CPIStack.Branch, 0.233606557378
330, GPU[1].SA[0].CU[3], CPIStack.Fetch, 4.750000000001
331, GPU[1].SA[0].CU[3], CPIStack.Idle, 5426.522540983606
332, GPU[1].SA[0].CU[3], CPIStack.ScalarInst, 1.114754098361
333, GPU[1].SA[0].CU[3], CPIStack.ScalarMem, 3.209016393442
334, GPU[1].SA[0].CU[3], CPIStack.ScalarMemInst, 0.221311475408
335, GPU[1].SA[0].CU[3], CPIStack.Special, 0.086065573770
336, GPU[1].SA[0].CU[3], CPIStack.VALU, 1.303278688525
337, GPU[1].SA[0].CU[3], CPIStack.VMem, 10.653688524590
338, GPU[1].SA[0].CU[3], CPIStack.VMemInst, 2.971311475412
339, GPU[1].SA[0].CU[3], CPIStack.total, 9331.991803278688
340, GPU[1].SA[0].CU[3], SIMDCPIStack.Branch, 0.791666666669
341, GPU[1].SA[0].CU[3], SIMDCPIStack.Fetch, 16.097222222226
342, GPU[1].SA[0].CU[3], SIMDCPIStack.Idle, 18389.881944444442
343, GPU[1].SA[0].CU[3], SIMDCPIStack.ScalarInst, 3.777777777780
344, GPU[1].SA[0].CU[3], SIMDCPIStack.ScalarMem, 10.874999999998
345, GPU[1].SA[0].CU[3], SIMDCPIStack.ScalarMemInst, 0.749999999993
346, GPU[1].SA[0].CU[3], SIMDCPIStack.Special, 0.291666666665
347, GPU[1].SA[0].CU[3], SIMDCPIStack.VALU, 4.416666666667
348, GPU[1].SA[0].CU[3], SIMDCPIStack.VMem, 36.104166666666
349, GPU[1].SA[0].CU[3], SIMDCPIStack.VMemInst, 10.069444444451
350, GPU[1].SA[0].CU[3], SIMDCPIStack.total, 31625.083333333332
351, GPU[1].SA[1].CU[0], CPIStack.Branch, 0.233606557376
352, GPU[1].SA[1].CU[0], CPIStack.Fetch, 4.750000000001
353, GPU[1].SA[1].CU[0], CPIStack.Idle, 5425.731557377049
354, GPU[1].SA[1].CU[0], CPIStack.ScalarInst, 1.114754098362
355, GPU[1].SA[1].CU[0], CPIStack.ScalarMem, 3.219262295081
356, GPU[1].SA[1].CU[0], CPIStack.ScalarMemInst, 0.221311475409
357, GPU[1].SA[1].CU[0], CPIStack.Special, 0.086065573771
358, GPU[1].SA[1].CU[0], CPIStack.VALU, 1.303278688525
359, GPU[1].SA[1].CU[0], CPIStack.VMem, 10.653688524590
360, GPU[1].SA[1].CU[0], CPIStack.VMemInst, 2.961065573771
361, GPU[1].SA[1].CU[0], CPIStack.total, 9224.729508196720
362, GPU[1].SA[1].CU[0], SIMDCPIStack.Branch, 0.791666666663
363, GPU[1].SA[1].CU[0], SIMDCPIStack.Fetch, 16.097222222227
364, GPU[1].SA[1].CU[0], SIMDCPIStack.Idle, 18387.201388888891
365, GPU[1].SA[1].CU[0], SIMDCPIStack.ScalarInst, 3.777777777781
366, GPU[1].SA[1].CU[0], SIMDCPIStack.ScalarMem, 10.909722222217
367, GPU[1].SA[1].CU[0], SIMDCPIStack.ScalarMemInst, 0.749999999998
368, GPU[1].SA[1].CU[0], SIMDCPIStack.Special, 0.291666666667
369, GPU[1].SA[1].CU[0], SIMDCPIStack.VALU, 4.416666666668
370, GPU[1].SA[1].CU[0], SIMDCPIStack.VMem, 36.104166666666
371, GPU[1].SA[1].CU[0], SIMDCPIStack.VMemInst, 10.034722222223
372, GPU[1].SA[1].CU[0], SIMDCPIStack.total, 31261.583333333332
373, GPU[1].SA[1].CU[1], CPIStack.Branch, 0.072413793104
374, GPU[1].SA[1].CU[1], CPIStack.Fetch, 6.920689655171
375, GPU[1].SA[1].CU[1], CPIStack.Idle, 9138.534482758621
376, GPU[1].SA[1].CU[1], CPIStack.ScalarInst, 0.562068965517
377, GPU[1].SA[1].CU[1], CPIStack.ScalarMem, 7.931034482758
378, GPU[1].SA[1].CU[1], CPIStack.ScalarMemInst, 0.041379310344
379, GPU[1].SA[1].CU[1], CPIStack.Special, 0.024137931034
380, GPU[1].SA[1].CU[1], CPIStack.VALU, 2.868965517242
381, GPU[1].SA[1].CU[1], CPIStack.VMem, 0.462068965518
382, GPU[1].SA[1].CU[1], CPIStack.VMemInst, 1.213793103449
383, GPU[1].SA[1].CU[1], CPIStack.total, 15342.124137931034
384, GPU[1].SA[1].CU[1], SIMDCPIStack.Branch, 0.118644067797
385, GPU[1].SA[1].CU[1], SIMDCPIStack.Fetch, 11.338983050846
386, GPU[1].SA[1].CU[1], SIMDCPIStack.Idle, 14972.740112994350
387, GPU[1].SA[1].CU[1], SIMDCPIStack.ScalarInst, 0.920903954802
388, GPU[1].SA[1].CU[1], SIMDCPIStack.ScalarMem, 12.994350282485
389, GPU[1].SA[1].CU[1], SIMDCPIStack.ScalarMemInst, 0.067796610169
390, GPU[1].SA[1].CU[1], SIMDCPIStack.Special, 0.039548022599
391, GPU[1].SA[1].CU[1], SIMDCPIStack.VALU, 4.700564971753
392, GPU[1].SA[1].CU[1], SIMDCPIStack.VMem, 0.757062146894
393, GPU[1].SA[1].CU[1], SIMDCPIStack.VMemInst, 1.988700564973
394, GPU[1].SA[1].CU[1], SIMDCPIStack.total, 25136.813559322032
395, GPU[1].SA[1].CU[2], CPIStack.Branch, 0.281494352737
396, GPU[1].SA[1].CU[2], CPIStack.Fetch, 2.903562119898
397, GPU[1].SA[1].CU[2], CPIStack.Idle, 2298.026064291919
398, GPU[1].SA[1].CU[2], CPIStack.LDS, 0.105994787141
399, GPU[1].SA[1].CU[2], CPIStack.ScalarInst, 1.143353605559
400, GPU[1].SA[1].CU[2], CPIStack.ScalarMem, 1.921807124240
401, GPU[1].SA[1].CU[2], CPIStack.ScalarMemInst, 0.077324066031
402, GPU[1].SA[1].CU[2], CPIStack.Special, 0.093831450912
403, GPU[1].SA[1].CU[2], CPIStack.VALU, 1.236316246742
404, GPU[1].SA[1].CU[2], CPIStack.VMem, 3.119895742832
405, GPU[1].SA[1].CU[2], CPIStack.VMemInst, 1.428323197220
406, GPU[1].SA[1].CU[2], CPIStack.total, 3822.611642050391
407, GPU[1].SA[1].CU[2], SIMDCPIStack.Branch, 1.058823529411
408, GPU[1].SA[1].CU[2], SIMDCPIStack.Fetch, 10.921568627458
409, GPU[1].SA[1].CU[2], SIMDCPIStack.Idle, 8643.882352941173
410, GPU[1].SA[1].CU[2], SIMDCPIStack.LDS, 0.398692810456
411, GPU[1].SA[1].CU[2], SIMDCPIStack.ScalarInst, 4.300653594767
412, GPU[1].SA[1].CU[2], SIMDCPIStack.ScalarMem, 7.228758169935
413, GPU[1].SA[1].CU[2], SIMDCPIStack.ScalarMemInst, 0.290849673207
414, GPU[1].SA[1].CU[2], SIMDCPIStack.Special, 0.352941176469
415, GPU[1].SA[1].CU[2], SIMDCPIStack.VALU, 4.650326797387
416, GPU[1].SA[1].CU[2], SIMDCPIStack.VMem, 11.735294117647
417, GPU[1].SA[1].CU[2], SIMDCPIStack.VMemInst, 5.372549019608
418, GPU[1].SA[1].CU[2], SIMDCPIStack.total, 14378.516339869280
419, GPU[1].SA[1].CU[3], CPIStack.Branch, 0.277652370203
420, GPU[1].SA[1].CU[3], CPIStack.Fetch, 3.267494356660
421, GPU[1].SA[1].CU[3], CPIStack.Idle, 3044.475169300226
422, GPU[1].SA[1].CU[3], CPIStack.LDS, 0.137697516930
423, GPU[1].SA[1].CU[3], CPIStack.ScalarInst, 1.050790067719
424, GPU[1].SA[1].CU[3], CPIStack.ScalarMem, 3.325056433408
425, GPU[1].SA[1].CU[3], CPIStack.ScalarMemInst, 0.019187358916
426, GPU[1].SA[1].CU[3], CPIStack.Special, 0.092550790067
427, GPU[1].SA[1].CU[3], CPIStack.VALU, 1.186230248308
428, GPU[1].SA[1].CU[3], CPIStack.VMem, 1.681715575621
429, GPU[1].SA[1].CU[3], CPIStack.VMemInst, 0.814898419865
430, GPU[1].SA[1].CU[3], CPIStack.total, 4965.937923250564
431, GPU[1].SA[1].CU[3], SIMDCPIStack.Branch, 1.064935064934
432, GPU[1].SA[1].CU[3], SIMDCPIStack.Fetch, 12.532467532471
433, GPU[1].SA[1].CU[3], SIMDCPIStack.Idle, 11677.077922077922
434, GPU[1].SA[1].CU[3], SIMDCPIStack.LDS, 0.528138528137
435, GPU[1].SA[1].CU[3], SIMDCPIStack.ScalarInst, 4.030303030300
436, GPU[1].SA[1].CU[3], SIMDCPIStack.ScalarMem, 12.753246753246
437, GPU[1].SA[1].CU[3], SIMDCPIStack.ScalarMemInst, 0.073593073592
438, GPU[1].SA[1].CU[3], SIMDCPIStack.Special, 0.354978354977
439, GPU[1].SA[1].CU[3], SIMDCPIStack.VALU, 4.549783549787
440, GPU[1].SA[1].CU[3], SIMDCPIStack.VMem, 6.450216450218
441, GPU[1].SA[1].CU[3], SIMDCPIStack.VMemInst, 3.125541125542
442, GPU[1].SA[1].CU[3], SIMDCPIStack.total, 19046.844155844155
443, GPU[1].SA[2].CU[0], CPIStack.Branch, 0.285097192224
444, GPU[1].SA[2].CU[0], CPIStack.Fetch, 2.228941684666
445, GPU[1].SA[2].CU[0], CPIStack.Idle, 1977.136069114471
446, GPU[1].SA[2].CU[0], CPIStack.LDS, 0.102231821454
447, GPU[1].SA[2].CU[0], CPIStack.ScalarInst, 0.934485241180
448, GPU[1].SA[2].CU[0], CPIStack.ScalarMem, 2.109431245500
449, GPU[1].SA[2].CU[0], CPIStack.ScalarMemInst, 0.012239020878
450, GPU[1].SA[2].CU[0], CPIStack.Special, 0.083513318934
451, GPU[1].SA[2].CU[0], CPIStack.VALU, 0.961843052557
452, GPU[1].SA[2].CU[0], CPIStack.VMem, 1.169186465083
453, GPU[1].SA[2].CU[0], CPIStack.VMemInst, 0.534197264219
454, GPU[1].SA[2].CU[0], CPIStack.total, 3167.614110871130
455, GPU[1].SA[2].CU[0], SIMDCPIStack.Branch, 1.311258278142
456, GPU[1].SA[2].CU[0], SIMDCPIStack.Fetch, 10.251655629142
457, GPU[1].SA[2].CU[0], SIMDCPIStack.Idle, 9093.516556291392
458, GPU[1].SA[2].CU[0], SIMDCPIStack.LDS, 0.470198675497
459, GPU[1].SA[2].CU[0], SIMDCPIStack.ScalarInst, 4.298013245030
460, GPU[1].SA[2].CU[0], SIMDCPIStack.ScalarMem, 9.701986754967
461, GPU[1].SA[2].CU[0], SIMDCPIStack.ScalarMemInst, 0.056291390728
462, GPU[1].SA[2].CU[0], SIMDCPIStack.Special, 0.384105960265
463, GPU[1].SA[2].CU[0], SIMDCPIStack.VALU, 4.423841059607
464, GPU[1].SA[2].CU[0], SIMDCPIStack.VMem, 5.377483443710
465, GPU[1].SA[2].CU[0], SIMDCPIStack.VMemInst, 2.456953642383
466, GPU[1].SA[2].CU[0], SIMDCPIStack.total, 14568.927152317881
467, GPU[1].SA[2].CU[1], CPIStack.Branch, 0.282220131701
468, GPU[1].SA[2].CU[1], CPIStack.Fetch, 3.030103480715
469, GPU[1].SA[2].CU[1], CPIStack.Idle, 2630.467544684856
470, GPU[1].SA[2].CU[1], CPIStack.LDS, 0.114769520225
471, GPU[1].SA[2].CU[1], CPIStack.ScalarInst, 1.117591721540
472, GPU[1].SA[2].CU[1], CPIStack.ScalarMem, 2.079021636877
473, GPU[1].SA[2].CU[1], CPIStack.ScalarMemInst, 0.061147695201
474, GPU[1].SA[2].CU[1], CPIStack.Special, 0.093132643463
475, GPU[1].SA[2].CU[1], CPIStack.VALU, 1.225776105365
476, GPU[1].SA[2].CU[1], CPIStack.VMem, 3.825023518345
477, GPU[1].SA[2].CU[1], CPIStack.VMemInst, 1.239887111948
478, GPU[1].SA[2].CU[1], CPIStack.total, 4139.050799623707
479, GPU[1].SA[2].CU[1], SIMDCPIStack.Branch, 1.063829787226
480, GPU[1].SA[2].CU[1], SIMDCPIStack.Fetch, 11.421985815601
481, GPU[1].SA[2].CU[1], SIMDCPIStack.Idle, 9915.556737588659
482, GPU[1].SA[2].CU[1], SIMDCPIStack.LDS, 0.432624113474
483, GPU[1].SA[2].CU[1], SIMDCPIStack.ScalarInst, 4.212765957435
484, GPU[1].SA[2].CU[1], SIMDCPIStack.ScalarMem, 7.836879432626
485, GPU[1].SA[2].CU[1], SIMDCPIStack.ScalarMemInst, 0.230496453896
486, GPU[1].SA[2].CU[1], SIMDCPIStack.Special, 0.351063829792
487, GPU[1].SA[2].CU[1], SIMDCPIStack.VALU, 4.620567375896
488, GPU[1].SA[2].CU[1], SIMDCPIStack.VMem, 14.418439716315
489, GPU[1].SA[2].CU[1], SIMDCPIStack.VMemInst, 4.673758865251
490, GPU[1].SA[2].CU[1], SIMDCPIStack.total, 15602.166666666666
491, GPU[1].SA[2].CU[2], CPIStack.Branch, 0.221402214022
492, GPU[1].SA[2].CU[2], CPIStack.Fetch, 7.121771217713
493, GPU[1].SA[2].CU[2], CPIStack.Idle, 10350.520295202952
494, GPU[1].SA[2].CU[2], CPIStack.ScalarInst, 1.047970479706
495, GPU[1].SA[2].CU[2], CPIStack.ScalarMem, 8.512915129152
496, GPU[1].SA[2].CU[2], CPIStack.ScalarMemInst, 0.232472324723
497, GPU[1].SA[2].CU[2], CPIStack.Special, 0.092250922508
498, GPU[1].SA[2].CU[2], CPIStack.VALU, 1.394833948338
499, GPU[1].SA[2].CU[2], CPIStack.VMem, 11.000000000001
500, GPU[1].SA[2].CU[2], CPIStack.VMemInst, 3.121771217713
501, GPU[1].SA[2].CU[2], CPIStack.total, 16035.933579335793
502, GPU[1].SA[2].CU[2], SIMDCPIStack.Branch, 0.714285714287
503, GPU[1].SA[2].CU[2], SIMDCPIStack.Fetch, 22.976190476193
504, GPU[1].SA[2].CU[2], SIMDCPIStack.Idle, 33392.750000000000
505, GPU[1].SA[2].CU[2], SIMDCPIStack.ScalarInst, 3.380952380957
506, GPU[1].SA[2].CU[2], SIMDCPIStack.ScalarMem, 27.464285714287
507, GPU[1].SA[2].CU[2], SIMDCPIStack.ScalarMemInst, 0.749999999998
508, GPU[1].SA[2].CU[2], SIMDCPIStack.Special, 0.297619047615
509, GPU[1].SA[2].CU[2], SIMDCPIStack.VALU, 4.499999999995
510, GPU[1].SA[2].CU[2], SIMDCPIStack.VMem, 35.488095238099
511, GPU[1].SA[2].CU[2], SIMDCPIStack.VMemInst, 10.071428571431
512, GPU[1].SA[2].CU[2], SIMDCPIStack.total, 51734.976190476191
513, GPU[1].SA[2].CU[3], CPIStack.Branch, 0.244897959184
514, GPU[1].SA[2].CU[3], CPIStack.Fetch, 3.072213500785
515, GPU[1].SA[2].CU[3], CPIStack.Idle, 4403.365777080063
516, GPU[1].SA[2].CU[3], CPIStack.LDS, 0.031397174254
517, GPU[1].SA[2].CU[3], CPIStack.ScalarInst, 0.621664050237
518, GPU[1].SA[2].CU[3], CPIStack.ScalarMem, 4.753532182103
519, GPU[1].SA[2].CU[3], CPIStack.ScalarMemInst, 0.020408163266
520, GPU[1].SA[2].CU[3], CPIStack.Special, 0.061224489795
521, GPU[1].SA[2].CU[3], CPIStack.VALU, 0.651491365777
522, GPU[1].SA[2].CU[3], CPIStack.VMem, 0.373626373625
523, GPU[1].SA[2].CU[3], CPIStack.VMemInst, 0.423861852433
524, GPU[1].SA[2].CU[3], CPIStack.total, 6739.896389324961
525, GPU[1].SA[2].CU[3], SIMDCPIStack.Branch, 1.380530973453
526, GPU[1].SA[2].CU[3], SIMDCPIStack.Fetch, 17.318584070798
527, GPU[1].SA[2].CU[3], SIMDCPIStack.Idle, 24822.513274336285
528, GPU[1].SA[2].CU[3], SIMDCPIStack.LDS, 0.176991150441
529, GPU[1].SA[2].CU[3], SIMDCPIStack.ScalarInst, 3.504424778767
530, GPU[1].SA[2].CU[3], SIMDCPIStack.ScalarMem, 26.796460176988
531, GPU[1].SA[2].CU[3], SIMDCPIStack.ScalarMemInst, 0.115044247789
532, GPU[1].SA[2].CU[3], SIMDCPIStack.Special, 0.345132743360
533, GPU[1].SA[2].CU[3], SIMDCPIStack.VALU, 3.672566371679
534, GPU[1].SA[2].CU[3], SIMDCPIStack.VMem, 2.106194690260
535, GPU[1].SA[2].CU[3], SIMDCPIStack.VMemInst, 2.389380530975
536, GPU[1].SA[2].CU[3], SIMDCPIStack.total, 37993.929203539825
537, GPU[1].SA[3].CU[0], CPIStack.Branch, 0.257985257985
538, GPU[1].SA[3].CU[0], CPIStack.Fetch, 2.880835380834
539, GPU[1].SA[3].CU[0], CPIStack.Idle, 3445.149877149876
540, GPU[1].SA[3].CU[0], CPIStack.LDS, 0.024570024570
541, GPU[1].SA[3].CU[0], CPIStack.ScalarInst, 0.802211302211
542, GPU[1].SA[3].CU[0], CPIStack.ScalarMem, 2.812039312040
543, GPU[1].SA[3].CU[0], CPIStack.ScalarMemInst, 0.074938574939
544, GPU[1].SA[3].CU[0], CPIStack.Special, 0.071253071253
545, GPU[1].SA[3].CU[0], CPIStack.VALU, 0.819410319413
546, GPU[1].SA[3].CU[0], CPIStack.VMem, 2.855036855037
547, GPU[1].SA[3].CU[0], CPIStack.VMemInst, 1.067567567568
548, GPU[1].SA[3].CU[0], CPIStack.total, 5214.540540540541
549, GPU[1].SA[3].CU[0], SIMDCPIStack.Branch, 1.280487804876
550, GPU[1].SA[3].CU[0], SIMDCPIStack.Fetch, 14.298780487798
551, GPU[1].SA[3].CU[0], SIMDCPIStack.Idle, 17099.707317073167
552, GPU[1].SA[3].CU[0], SIMDCPIStack.LDS, 0.121951219511
553, GPU[1].SA[3].CU[0], SIMDCPIStack.ScalarInst, 3.981707317071
554, GPU[1].SA[3].CU[0], SIMDCPIStack.ScalarMem, 13.957317073172
555, GPU[1].SA[3].CU[0], SIMDCPIStack.ScalarMemInst, 0.371951219513
556, GPU[1].SA[3].CU[0], SIMDCPIStack.Special, 0.353658536584
557, GPU[1].SA[3].CU[0], SIMDCPIStack.VALU, 4.067073170744
558, GPU[1].SA[3].CU[0], SIMDCPIStack.VMem, 14.170731707315
559, GPU[1].SA[3].CU[0], SIMDCPIStack.VMemInst, 5.298780487806
560, GPU[1].SA[3].CU[0], SIMDCPIStack.total, 25881.926829268294
561, GPU[1].SA[3].CU[1], CPIStack.Branch, 0.233606557377
562, GPU[1].SA[3].CU[1], CPIStack.Fetch, 4.750000000002
563, GPU[1].SA[3].CU[1], CPIStack.Idle, 5741.915983606555
564, GPU[1].SA[3].CU[1], CPIStack.ScalarInst, 1.114754098360
565, GPU[1].SA[3].CU[1], CPIStack.ScalarMem, 3.215163934426
566, GPU[1].SA[3].CU[1], CPIStack.ScalarMemInst, 0.221311475412
567, GPU[1].SA[3].CU[1], CPIStack.Special, 0.086065573769
568, GPU[1].SA[3].CU[1], CPIStack.VALU, 1.303278688526
569, GPU[1].SA[3].CU[1], CPIStack.VMem, 10.725409836067
570, GPU[1].SA[3].CU[1], CPIStack.VMemInst, 2.965163934424
571, GPU[1].SA[3].CU[1], CPIStack.total, 8594.045081967213
572, GPU[1].SA[3].CU[1], SIMDCPIStack.Branch, 0.791666666665
573, GPU[1].SA[3].CU[1], SIMDCPIStack.Fetch, 16.097222222229
574, GPU[1].SA[3].CU[1], SIMDCPIStack.Idle, 19458.715277777766
575, GPU[1].SA[3].CU[1], SIMDCPIStack.ScalarInst, 3.777777777774
576, GPU[1].SA[3].CU[1], SIMDCPIStack.ScalarMem, 10.895833333332
577, GPU[1].SA[3].CU[1], SIMDCPIStack.ScalarMemInst, 0.750000000009
578, GPU[1].SA[3].CU[1], SIMDCPIStack.Special, 0.291666666661
579, GPU[1].SA[3].CU[1], SIMDCPIStack.VALU, 4.416666666671
580, GPU[1].SA[3].CU[1], SIMDCPIStack.VMem, 36.347222222228
581, GPU[1].SA[3].CU[1], SIMDCPIStack.VMemInst, 10.048611111104
582, GPU[1].SA[3].CU[1], SIMDCPIStack.total, 29124.263888888891
583, GPU[1].SA[3].CU[2], CPIStack.Branch, 0.233606557377
584, GPU[1].SA[3].CU[2], CPIStack.Fetch, 4.750000000001
585, GPU[1].SA[3].CU[2], CPIStack.Idle, 5736.969262295082
586, GPU[1].SA[3].CU[2], CPIStack.ScalarInst, 1.114754098364
587, GPU[1].SA[3].CU[2], CPIStack.ScalarMem, 3.204918032788
588, GPU[1].SA[3].CU[2], CPIStack.ScalarMemInst, 0.221311475407
589, GPU[1].SA[3].CU[2], CPIStack.Special, 0.086065573769
590, GPU[1].SA[3].CU[2], CPIStack.VALU, 1.303278688525
591, GPU[1].SA[3].CU[2], CPIStack.VMem, 10.725409836064
592, GPU[1].SA[3].CU[2], CPIStack.VMemInst, 2.975409836066
593, GPU[1].SA[3].CU[2], CPIStack.total, 8484.668032786885
594, GPU[1].SA[3].CU[2], SIMDCPIStack.Branch, 0.791666666667
595, GPU[1].SA[3].CU[2], SIMDCPIStack.Fetch, 16.097222222225
596, GPU[1].SA[3].CU[2], SIMDCPIStack.Idle, 19441.951388888891
597, GPU[1].SA[3].CU[2], SIMDCPIStack.ScalarInst, 3.777777777790
598, GPU[1].SA[3].CU[2], SIMDCPIStack.ScalarMem, 10.861111111114
599, GPU[1].SA[3].CU[2], SIMDCPIStack.ScalarMemInst, 0.749999999991
600, GPU[1].SA[3].CU[2], SIMDCPIStack.Special, 0.291666666661
601, GPU[1].SA[3].CU[2], SIMDCPIStack.VALU, 4.416666666668
602, GPU[1].SA[3].CU[2], SIMDCPIStack.VMem, 36.347222222216
603, GPU[1].SA[3].CU[2], SIMDCPIStack.VMemInst, 10.083333333335
604, GPU[1].SA[3].CU[2], SIMDCPIStack.total, 28753.597222222223
605, GPU[1].SA[3].CU[3], CPIStack.Branch, 0.072413793102
606, GPU[1].SA[3].CU[3], CPIStack.Fetch, 6.920689655173
607, GPU[1].SA[3].CU[3], CPIStack.Idle, 9661.851724137929
608, GPU[1].SA[3].CU[3], CPIStack.ScalarInst, 0.562068965519
609, GPU[1].SA[3].CU[3], CPIStack.ScalarMem, 7.931034482760
610, GPU[1].SA[3].CU[3], CPIStack.ScalarMemInst, 0.041379310345
611, GPU[1].SA[3].CU[3], CPIStack.Special, 0.017241379309
612, GPU[1].SA[3].CU[3], CPIStack.VALU, 2.868965517242
613, GPU[1].SA[3].CU[3], CPIStack.VMem, 0.462068965517
614, GPU[1].SA[3].CU[3], CPIStack.VMemInst, 1.213793103448
615, GPU[1].SA[3].CU[3], CPIStack.total, 14093.613793103450
616, GPU[1].SA[3].CU[3], SIMDCPIStack.Branch, 0.118644067795
617, GPU[1].SA[3].CU[3], SIMDCPIStack.Fetch, 11.338983050848
618, GPU[1].SA[3].CU[3], SIMDCPIStack.Idle, 15830.152542372876
619, GPU[1].SA[3].CU[3], SIMDCPIStack.ScalarInst, 0.920903954806
620, GPU[1].SA[3].CU[3], SIMDCPIStack.ScalarMem, 12.994350282488
621, GPU[1].SA[3].CU[3], SIMDCPIStack.ScalarMemInst, 0.067796610169
622, GPU[1].SA[3].CU[3], SIMDCPIStack.Special, 0.028248587569
623, GPU[1].SA[3].CU[3], SIMDCPIStack.VALU, 4.700564971753
624, GPU[1].SA[3].CU[3], SIMDCPIStack.VMem, 0.757062146892
625, GPU[1].SA[3].CU[3], SIMDCPIStack.VMemInst, 1.988700564971
626, GPU[1].SA[3].CU[3], SIMDCPIStack.total, 23091.231638418081
627, GPU[1].SA[4].CU[0], CPIStack.Branch, 0.278481012658
628, GPU[1].SA[4].CU[0], CPIStack.Fetch, 2.796624472574
629, GPU[1].SA[4].CU[0], CPIStack.Idle, 2361.298734177215
630, GPU[1].SA[4].CU[0], CPIStack.LDS, 0.102953586497
631, GPU[1].SA[4].CU[0], CPIStack.ScalarInst, 1.157805907177
632, GPU[1].SA[4].CU[0], CPIStack.ScalarMem, 1.867510548524
633, GPU[1].SA[4].CU[0], CPIStack.ScalarMemInst, 0.075105485232
634, GPU[1].SA[4].CU[0], CPIStack.Special, 0.092827004218
635, GPU[1].SA[4].CU[0], CPIStack.VALU, 1.251476793247
636, GPU[1].SA[4].CU[0], CPIStack.VMem, 3.220253164557
637, GPU[1].SA[4].CU[0], CPIStack.VMemInst, 1.446413502109
638, GPU[1].SA[4].CU[0], CPIStack.total, 3407.951054852321
639, GPU[1].SA[4].CU[0], SIMDCPIStack.Branch, 1.037735849055
640, GPU[1].SA[4].CU[0], SIMDCPIStack.Fetch, 10.421383647801
641, GPU[1].SA[4].CU[0], SIMDCPIStack.Idle, 8799.179245283020
642, GPU[1].SA[4].CU[0], SIMDCPIStack.LDS, 0.383647798738
643, GPU[1].SA[4].CU[0], SIMDCPIStack.ScalarInst, 4.314465408821
644, GPU[1].SA[4].CU[0], SIMDCPIStack.ScalarMem, 6.959119496858
645, GPU[1].SA[4].CU[0], SIMDCPIStack.ScalarMemInst, 0.279874213837
646, GPU[1].SA[4].CU[0], SIMDCPIStack.Special, 0.345911949681
647, GPU[1].SA[4].CU[0], SIMDCPIStack.VALU, 4.663522012571
648, GPU[1].SA[4].CU[0], SIMDCPIStack.VMem, 12.000000000000
649, GPU[1].SA[4].CU[0], SIMDCPIStack.VMemInst, 5.389937106916
650, GPU[1].SA[4].CU[0], SIMDCPIStack.total, 12699.440251572327
651, GPU[1].SA[4].CU[1], CPIStack.Branch, 0.273913043477
652, GPU[1].SA[4].CU[1], CPIStack.Fetch, 3.113043478262
653, GPU[1].SA[4].CU[1], CPIStack.Idle, 2988.456521739131
654, GPU[1].SA[4].CU[1], CPIStack.LDS, 0.132608695651
655, GPU[1].SA[4].CU[1], CPIStack.ScalarInst, 1.072826086960
656, GPU[1].SA[4].CU[1], CPIStack.ScalarMem, 3.203260869566
657, GPU[1].SA[4].CU[1], CPIStack.ScalarMemInst, 0.018478260870
658, GPU[1].SA[4].CU[1], CPIStack.Special, 0.089130434782
659, GPU[1].SA[4].CU[1], CPIStack.VALU, 1.207608695651
660, GPU[1].SA[4].CU[1], CPIStack.VMem, 1.090217391303
661, GPU[1].SA[4].CU[1], CPIStack.VMemInst, 0.860869565216
662, GPU[1].SA[4].CU[1], CPIStack.total, 4331.704347826087
663, GPU[1].SA[4].CU[1], SIMDCPIStack.Branch, 1.037037037032
664, GPU[1].SA[4].CU[1], SIMDCPIStack.Fetch, 11.786008230458
665, GPU[1].SA[4].CU[1], SIMDCPIStack.Idle, 11314.320987654322
666, GPU[1].SA[4].CU[1], SIMDCPIStack.LDS, 0.502057613163
667, GPU[1].SA[4].CU[1], SIMDCPIStack.ScalarInst, 4.061728395077
668, GPU[1].SA[4].CU[1], SIMDCPIStack.ScalarMem, 12.127572016464
669, GPU[1].SA[4].CU[1], SIMDCPIStack.ScalarMemInst, 0.069958847738
670, GPU[1].SA[4].CU[1], SIMDCPIStack.Special, 0.337448559667
671, GPU[1].SA[4].CU[1], SIMDCPIStack.VALU, 4.572016460901
672, GPU[1].SA[4].CU[1], SIMDCPIStack.VMem, 4.127572016458
673, GPU[1].SA[4].CU[1], SIMDCPIStack.VMemInst, 3.259259259253
674, GPU[1].SA[4].CU[1], SIMDCPIStack.total, 16399.868312757200
675, GPU[1].SA[4].CU[2], CPIStack.Branch, 0.282501756853
676, GPU[1].SA[4].CU[2], CPIStack.Fetch, 2.336612789879
677, GPU[1].SA[4].CU[2], CPIStack.Idle, 1896.950105411103
678, GPU[1].SA[4].CU[2], CPIStack.LDS, 0.099086437105
679, GPU[1].SA[4].CU[2], CPIStack.ScalarInst, 0.958538299370
680, GPU[1].SA[4].CU[2], CPIStack.ScalarMem, 2.012649332396
681, GPU[1].SA[4].CU[2], CPIStack.ScalarMemInst, 0.011946591708
682, GPU[1].SA[4].CU[2], CPIStack.Special, 0.082923401266
683, GPU[1].SA[4].CU[2], CPIStack.VALU, 0.985945186226
684, GPU[1].SA[4].CU[2], CPIStack.VMem, 0.783555867884
685, GPU[1].SA[4].CU[2], CPIStack.VMemInst, 0.574139142654
686, GPU[1].SA[4].CU[2], CPIStack.total, 2766.331693605060
687, GPU[1].SA[4].CU[2], SIMDCPIStack.Branch, 1.280254777074
688, GPU[1].SA[4].CU[2], SIMDCPIStack.Fetch, 10.589171974517
689, GPU[1].SA[4].CU[2], SIMDCPIStack.Idle, 8596.687898089171
690, GPU[1].SA[4].CU[2], SIMDCPIStack.LDS, 0.449044585986
691, GPU[1].SA[4].CU[2], SIMDCPIStack.ScalarInst, 4.343949044599
692, GPU[1].SA[4].CU[2], SIMDCPIStack.ScalarMem, 9.121019108280
693, GPU[1].SA[4].CU[2], SIMDCPIStack.ScalarMemInst, 0.054140127388
694, GPU[1].SA[4].CU[2], SIMDCPIStack.Special, 0.375796178347
695, GPU[1].SA[4].CU[2], SIMDCPIStack.VALU, 4.468152866240
696, GPU[1].SA[4].CU[2], SIMDCPIStack.VMem, 3.550955414011
697, GPU[1].SA[4].CU[2], SIMDCPIStack.VMemInst, 2.601910828016
698, GPU[1].SA[4].CU[2], SIMDCPIStack.total, 12536.592356687897
699, GPU[1].SA[4].CU[3], CPIStack.Branch, 0.281677301733
700, GPU[1].SA[4].CU[3], CPIStack.Fetch, 2.987237921604
701, GPU[1].SA[4].CU[3], CPIStack.Idle, 2414.168641750226
702, GPU[1].SA[4].CU[3], CPIStack.LDS, 0.110300820420
703, GPU[1].SA[4].CU[3], CPIStack.ScalarInst, 1.153144940752
704, GPU[1].SA[4].CU[3], CPIStack.ScalarMem, 1.956244302643
705, GPU[1].SA[4].CU[3], CPIStack.ScalarMemInst, 0.058340929808
706, GPU[1].SA[4].CU[3], CPIStack.Special, 0.094804010940
707, GPU[1].SA[4].CU[3], CPIStack.VALU, 1.250683682770
708, GPU[1].SA[4].CU[3], CPIStack.VMem, 2.249772105743
709, GPU[1].SA[4].CU[3], CPIStack.VMemInst, 1.269826800361
710, GPU[1].SA[4].CU[3], CPIStack.total, 3542.765724703738
711, GPU[1].SA[4].CU[3], SIMDCPIStack.Branch, 1.051020408165
712, GPU[1].SA[4].CU[3], SIMDCPIStack.Fetch, 11.146258503402
713, GPU[1].SA[4].CU[3], SIMDCPIStack.Idle, 9007.969387755098
714, GPU[1].SA[4].CU[3], SIMDCPIStack.LDS, 0.411564625854
715, GPU[1].SA[4].CU[3], SIMDCPIStack.ScalarInst, 4.302721088453
716, GPU[1].SA[4].CU[3], SIMDCPIStack.ScalarMem, 7.299319727888
717, GPU[1].SA[4].CU[3], SIMDCPIStack.ScalarMemInst, 0.217687074828
718, GPU[1].SA[4].CU[3], SIMDCPIStack.Special, 0.353741496603
719, GPU[1].SA[4].CU[3], SIMDCPIStack.VALU, 4.666666666661
720, GPU[1].SA[4].CU[3], SIMDCPIStack.VMem, 8.394557823129
721, GPU[1].SA[4].CU[3], SIMDCPIStack.VMemInst, 4.738095238082
722, GPU[1].SA[4].CU[3], SIMDCPIStack.total, 13219.095238095240
723, GPU[1].SA[5].CU[0], CPIStack.Branch, 0.233606557380
724, GPU[1].SA[5].CU[0], CPIStack.Fetch, 4.749999999997
725, GPU[1].SA[5].CU[0], CPIStack.Idle, 5432.735655737705
726, GPU[1].SA[5].CU[0], CPIStack.ScalarInst, 1.114754098361
727, GPU[1].SA[5].CU[0], CPIStack.ScalarMem, 3.219262295082
728, GPU[1].SA[5].CU[0], CPIStack.ScalarMemInst, 0.221311475409
729, GPU[1].SA[5].CU[0], CPIStack.Special, 0.086065573770
730, GPU[1].SA[5].CU[0], CPIStack.VALU, 1.303278688524
731, GPU[1].SA[5].CU[0], CPIStack.VMem, 5.961065573771
732, GPU[1].SA[5].CU[0], CPIStack.VMemInst, 2.961065573771
733, GPU[1].SA[5].CU[0], CPIStack.total, 7859.352459016393
734, GPU[1].SA[5].CU[0], SIMDCPIStack.Branch, 0.791666666676
735, GPU[1].SA[5].CU[0], SIMDCPIStack.Fetch, 16.097222222212
736, GPU[1].SA[5].CU[0], SIMDCPIStack.Idle, 18410.937500000000
737, GPU[1].SA[5].CU[0], SIMDCPIStack.ScalarInst, 3.777777777779
738, GPU[1].SA[5].CU[0], SIMDCPIStack.ScalarMem, 10.909722222223
739, GPU[1].SA[5].CU[0], SIMDCPIStack.ScalarMemInst, 0.749999999998
740, GPU[1].SA[5].CU[0], SIMDCPIStack.Special, 0.291666666665
741, GPU[1].SA[5].CU[0], SIMDCPIStack.VALU, 4.416666666664
742, GPU[1].SA[5].CU[0], SIMDCPIStack.VMem, 20.201388888890
743, GPU[1].SA[5].CU[0], SIMDCPIStack.VMemInst, 10.034722222224
744, GPU[1].SA[5].CU[0], SIMDCPIStack.total, 26634.472222222223
745, GPU[1].SA[5].CU[1], CPIStack.Branch, 0.192926045016
746, GPU[1].SA[5].CU[1], CPIStack.Fetch, 6.202572347266
747, GPU[1].SA[5].CU[1], CPIStack.Idle, 8524.826366559486
748, GPU[1].SA[5].CU[1], CPIStack.ScalarInst, 0.922829581995
749, GPU[1].SA[5].CU[1], CPIStack.ScalarMem, 7.411575562702
750, GPU[1].SA[5].CU[1], CPIStack.ScalarMemInst, 0.192926045016
751, GPU[1].SA[5].CU[1], CPIStack.Special, 0.073954983924
752, GPU[1].SA[5].CU[1], CPIStack.VALU, 1.234726688102
753, GPU[1].SA[5].CU[1], CPIStack.VMem, 4.797427652731
754, GPU[1].SA[5].CU[1], CPIStack.VMemInst, 2.736334405143
755, GPU[1].SA[5].CU[1], CPIStack.total, 12168.495176848875
756, GPU[1].SA[5].CU[1], SIMDCPIStack.Branch, 0.645161290323
757, GPU[1].SA[5].CU[1], SIMDCPIStack.Fetch, 20.741935483868
758, GPU[1].SA[5].CU[1], SIMDCPIStack.Idle, 28507.752688172044
759, GPU[1].SA[5].CU[1], SIMDCPIStack.ScalarInst, 3.086021505382
760, GPU[1].SA[5].CU[1], SIMDCPIStack.ScalarMem, 24.784946236564
761, GPU[1].SA[5].CU[1], SIMDCPIStack.ScalarMemInst, 0.645161290323
762, GPU[1].SA[5].CU[1], SIMDCPIStack.Special, 0.247311827960
763, GPU[1].SA[5].CU[1], SIMDCPIStack.VALU, 4.129032258062
764, GPU[1].SA[5].CU[1], SIMDCPIStack.VMem, 16.043010752682
765, GPU[1].SA[5].CU[1], SIMDCPIStack.VMemInst, 9.150537634402
766, GPU[1].SA[5].CU[1], SIMDCPIStack.total, 40692.494623655912
767, GPU[1].SA[5].CU[2], CPIStack.Branch, 0.217280813214
768, GPU[1].SA[5].CU[2], CPIStack.Fetch, 3.078780177892
769, GPU[1].SA[5].CU[2], CPIStack.Idle, 3367.736975857687
770, GPU[1].SA[5].CU[2], CPIStack.LDS, 0.025412960609
771, GPU[1].SA[5].CU[2], CPIStack.ScalarInst, 0.673443456164
772, GPU[1].SA[5].CU[2], CPIStack.ScalarMem, 2.902160101653
773, GPU[1].SA[5].CU[2], CPIStack.ScalarMemInst, 0.015247776366
774, GPU[1].SA[5].CU[2], CPIStack.Special, 0.050825921219
775, GPU[1].SA[5].CU[2], CPIStack.VALU, 1.387547649300
776, GPU[1].SA[5].CU[2], CPIStack.VMem, 0.290978398984
777, GPU[1].SA[5].CU[2], CPIStack.VMemInst, 0.472681067345
778, GPU[1].SA[5].CU[2], CPIStack.total, 4743.750952986023
779, GPU[1].SA[5].CU[2], SIMDCPIStack.Branch, 0.703703703701
780, GPU[1].SA[5].CU[2], SIMDCPIStack.Fetch, 9.971193415642
781, GPU[1].SA[5].CU[2], SIMDCPIStack.Idle, 10907.032921810698
782, GPU[1].SA[5].CU[2], SIMDCPIStack.LDS, 0.082304526747
783, GPU[1].SA[5].CU[2], SIMDCPIStack.ScalarInst, 2.181069958854
784, GPU[1].SA[5].CU[2], SIMDCPIStack.ScalarMem, 9.399176954735
785, GPU[1].SA[5].CU[2], SIMDCPIStack.ScalarMemInst, 0.049382716048
786, GPU[1].SA[5].CU[2], SIMDCPIStack.Special, 0.164609053495
787, GPU[1].SA[5].CU[2], SIMDCPIStack.VALU, 4.493827160491
788, GPU[1].SA[5].CU[2], SIMDCPIStack.VMem, 0.942386831277
789, GPU[1].SA[5].CU[2], SIMDCPIStack.VMemInst, 1.530864197533
790, GPU[1].SA[5].CU[2], SIMDCPIStack.total, 15363.506172839507
791, GPU[1].SA[5].CU[3], CPIStack.Branch, 0.282220131702
792, GPU[1].SA[5].CU[3], CPIStack.Fetch, 2.993414863593
793, GPU[1].SA[5].CU[3], CPIStack.Idle, 2490.423330197554
794, GPU[1].SA[5].CU[3], CPIStack.LDS, 0.114769520226
795, GPU[1].SA[5].CU[3], CPIStack.ScalarInst, 1.117591721542
796, GPU[1].SA[5].CU[3], CPIStack.ScalarMem, 2.076199435560
797, GPU[1].SA[5].CU[3], CPIStack.ScalarMemInst, 0.061147695202
798, GPU[1].SA[5].CU[3], CPIStack.Special, 0.094073377236
799, GPU[1].SA[5].CU[3], CPIStack.VALU, 1.225776105361
800, GPU[1].SA[5].CU[3], CPIStack.VMem, 2.917215428034
801, GPU[1].SA[5].CU[3], CPIStack.VMemInst, 1.242709313265
802, GPU[1].SA[5].CU[3], CPIStack.total, 3465.608654750706
803, GPU[1].SA[5].CU[3], SIMDCPIStack.Branch, 1.063829787232
804, GPU[1].SA[5].CU[3], SIMDCPIStack.Fetch, 11.283687943259
805, GPU[1].SA[5].CU[3], SIMDCPIStack.Idle, 9387.659574468085
806, GPU[1].SA[5].CU[3], SIMDCPIStack.LDS, 0.432624113475
807, GPU[1].SA[5].CU[3], SIMDCPIStack.ScalarInst, 4.212765957443
808, GPU[1].SA[5].CU[3], SIMDCPIStack.ScalarMem, 7.826241134752
809, GPU[1].SA[5].CU[3], SIMDCPIStack.ScalarMemInst, 0.230496453900
810, GPU[1].SA[5].CU[3], SIMDCPIStack.Special, 0.354609929086
811, GPU[1].SA[5].CU[3], SIMDCPIStack.VALU, 4.620567375882
812, GPU[1].SA[5].CU[3], SIMDCPIStack.VMem, 10.996453900710
813, GPU[1].SA[5].CU[3], SIMDCPIStack.VMemInst, 4.684397163123
814, GPU[1].SA[5].CU[3], SIMDCPIStack.total, 13063.624113475178
815, GPU[1].SA[6].CU[0], CPIStack.Branch, 0.282220131702
816, GPU[1].SA[6].CU[0], CPIStack.Fetch, 2.943555973661
817, GPU[1].SA[6].CU[0], CPIStack.Idle, 2539.358419567262
818, GPU[1].SA[6].CU[0], CPIStack.LDS, 0.114769520226
819, GPU[1].SA[6].CU[0], CPIStack.ScalarInst, 1.117591721540
820, GPU[1].SA[6].CU[0], CPIStack.ScalarMem, 2.076199435561
821, GPU[1].SA[6].CU[0], CPIStack.ScalarMemInst, 0.061147695203
822, GPU[1].SA[6].CU[0], CPIStack.Special, 0.094073377237
823, GPU[1].SA[6].CU[0], CPIStack.VALU, 1.225776105362
824, GPU[1].SA[6].CU[0], CPIStack.VMem, 2.962370649107
825, GPU[1].SA[6].CU[0], CPIStack.VMemInst, 1.242709313262
826, GPU[1].SA[6].CU[0], CPIStack.total, 3465.603951081844
827, GPU[1].SA[6].CU[0], SIMDCPIStack.Branch, 1.063829787232
828, GPU[1].SA[6].CU[0], SIMDCPIStack.Fetch, 11.095744680855
829, GPU[1].SA[6].CU[0], SIMDCPIStack.Idle, 9572.120567375883
830, GPU[1].SA[6].CU[0], SIMDCPIStack.LDS, 0.432624113475
831, GPU[1].SA[6].CU[0], SIMDCPIStack.ScalarInst, 4.212765957438
832, GPU[1].SA[6].CU[0], SIMDCPIStack.ScalarMem, 7.826241134755
833, GPU[1].SA[6].CU[0], SIMDCPIStack.ScalarMemInst, 0.230496453902
834, GPU[1].SA[6].CU[0], SIMDCPIStack.Special, 0.354609929088
835, GPU[1].SA[6].CU[0], SIMDCPIStack.VALU, 4.620567375885
836, GPU[1].SA[6].CU[0], SIMDCPIStack.VMem, 11.166666666668
837, GPU[1].SA[6].CU[0], SIMDCPIStack.VMemInst, 4.684397163113
838, GPU[1].SA[6].CU[0], SIMDCPIStack.total, 13063.606382978724
839, GPU[1].SA[6].CU[1], CPIStack.Branch, 0.275784753363
840, GPU[1].SA[6].CU[1], CPIStack.Fetch, 3.044843049327
841, GPU[1].SA[6].CU[1], CPIStack.Idle, 3084.419282511210
842, GPU[1].SA[6].CU[1], CPIStack.LDS, 0.136771300448
843, GPU[1].SA[6].CU[1], CPIStack.ScalarInst, 1.043721973094
844, GPU[1].SA[6].CU[1], CPIStack.ScalarMem, 3.302690582960
845, GPU[1].SA[6].CU[1], CPIStack.ScalarMemInst, 0.019058295965
846, GPU[1].SA[6].CU[1], CPIStack.Special, 0.093049327355
847, GPU[1].SA[6].CU[1], CPIStack.VALU, 1.206278026903
848, GPU[1].SA[6].CU[1], CPIStack.VMem, 0.872197309417
849, GPU[1].SA[6].CU[1], CPIStack.VMemInst, 0.809417040359
850, GPU[1].SA[6].CU[1], CPIStack.total, 4129.968609865471
851, GPU[1].SA[6].CU[1], SIMDCPIStack.Branch, 1.042372881357
852, GPU[1].SA[6].CU[1], SIMDCPIStack.Fetch, 11.508474576271
853, GPU[1].SA[6].CU[1], SIMDCPIStack.Idle, 11658.059322033896
854, GPU[1].SA[6].CU[1], SIMDCPIStack.LDS, 0.516949152542
855, GPU[1].SA[6].CU[1], SIMDCPIStack.ScalarInst, 3.944915254237
856, GPU[1].SA[6].CU[1], SIMDCPIStack.ScalarMem, 12.483050847460
857, GPU[1].SA[6].CU[1], SIMDCPIStack.ScalarMemInst, 0.072033898308
858, GPU[1].SA[6].CU[1], SIMDCPIStack.Special, 0.351694915257
859, GPU[1].SA[6].CU[1], SIMDCPIStack.VALU, 4.559322033888
860, GPU[1].SA[6].CU[1], SIMDCPIStack.VMem, 3.296610169493
861, GPU[1].SA[6].CU[1], SIMDCPIStack.VMemInst, 3.059322033899
862, GPU[1].SA[6].CU[1], SIMDCPIStack.total, 15609.881355932202
863, GPU[1].SA[6].CU[2], CPIStack.Branch, 0.281494352738
864, GPU[1].SA[6].CU[2], CPIStack.Fetch, 3.018245004345
865, GPU[1].SA[6].CU[2], CPIStack.Idle, 2432.618592528234
866, GPU[1].SA[6].CU[2], CPIStack.LDS, 0.105994787142
867, GPU[1].SA[6].CU[2], CPIStack.ScalarInst, 1.139009556907
868, GPU[1].SA[6].CU[2], CPIStack.ScalarMem, 1.863596872285
869, GPU[1].SA[6].CU[2], CPIStack.ScalarMemInst, 0.077324066029
870, GPU[1].SA[6].CU[2], CPIStack.Special, 0.092962641182
871, GPU[1].SA[6].CU[2], CPIStack.VALU, 1.240660295394
872, GPU[1].SA[6].CU[2], CPIStack.VMem, 2.548218940052
873, GPU[1].SA[6].CU[2], CPIStack.VMemInst, 1.427454387490
874, GPU[1].SA[6].CU[2], CPIStack.total, 3200.631624674196
875, GPU[1].SA[6].CU[2], SIMDCPIStack.Branch, 1.058823529418
876, GPU[1].SA[6].CU[2], SIMDCPIStack.Fetch, 11.352941176473
877, GPU[1].SA[6].CU[2], SIMDCPIStack.Idle, 9150.143790849666
878, GPU[1].SA[6].CU[2], SIMDCPIStack.LDS, 0.398692810457
879, GPU[1].SA[6].CU[2], SIMDCPIStack.ScalarInst, 4.284313725491
880, GPU[1].SA[6].CU[2], SIMDCPIStack.ScalarMem, 7.009803921570
881, GPU[1].SA[6].CU[2], SIMDCPIStack.ScalarMemInst, 0.290849673199
882, GPU[1].SA[6].CU[2], SIMDCPIStack.Special, 0.349673202617
883, GPU[1].SA[6].CU[2], SIMDCPIStack.VALU, 4.666666666660
884, GPU[1].SA[6].CU[2], SIMDCPIStack.VMem, 9.584967320261
885, GPU[1].SA[6].CU[2], SIMDCPIStack.VMemInst, 5.369281045756
886, GPU[1].SA[6].CU[2], SIMDCPIStack.total, 12038.977124183006
887, GPU[1].SA[6].CU[3], CPIStack.Branch, 0.192926045017
888, GPU[1].SA[6].CU[3], CPIStack.Fetch, 6.202572347267
889, GPU[1].SA[6].CU[3], CPIStack.Idle, 9007.781350482315
890, GPU[1].SA[6].CU[3], CPIStack.ScalarInst, 0.922829581991
891, GPU[1].SA[6].CU[3], CPIStack.ScalarMem, 7.427652733119
892, GPU[1].SA[6].CU[3], CPIStack.ScalarMemInst, 0.192926045018
893, GPU[1].SA[6].CU[3], CPIStack.Special, 0.073954983918
894, GPU[1].SA[6].CU[3], CPIStack.VALU, 1.234726688105
895, GPU[1].SA[6].CU[3], CPIStack.VMem, 5.083601286175
896, GPU[1].SA[6].CU[3], CPIStack.VMemInst, 2.720257234730
897, GPU[1].SA[6].CU[3], CPIStack.total, 11673.942122186496
898, GPU[1].SA[6].CU[3], SIMDCPIStack.Branch, 0.645161290326
899, GPU[1].SA[6].CU[3], SIMDCPIStack.Fetch, 20.741935483870
900, GPU[1].SA[6].CU[3], SIMDCPIStack.Idle, 30122.795698924732
901, GPU[1].SA[6].CU[3], SIMDCPIStack.ScalarInst, 3.086021505368
902, GPU[1].SA[6].CU[3], SIMDCPIStack.ScalarMem, 24.838709677419
903, GPU[1].SA[6].CU[3], SIMDCPIStack.ScalarMemInst, 0.645161290330
904, GPU[1].SA[6].CU[3], SIMDCPIStack.Special, 0.247311827941
905, GPU[1].SA[6].CU[3], SIMDCPIStack.VALU, 4.129032258071
906, GPU[1].SA[6].CU[3], SIMDCPIStack.VMem, 17.000000000003
907, GPU[1].SA[6].CU[3], SIMDCPIStack.VMemInst, 9.096774193559
908, GPU[1].SA[6].CU[3], SIMDCPIStack.total, 39038.666666666664
909, GPU[1].SA[7].CU[0], CPIStack.Branch, 0.244897959185
910, GPU[1].SA[7].CU[0], CPIStack.Fetch, 3.072213500783
911, GPU[1].SA[7].CU[0], CPIStack.Idle, 4397.736263736265
912, GPU[1].SA[7].CU[0], CPIStack.LDS, 0.031397174253
913, GPU[1].SA[7].CU[0], CPIStack.ScalarInst, 0.621664050237
914, GPU[1].SA[7].CU[0], CPIStack.ScalarMem, 4.753532182106
915, GPU[1].SA[7].CU[0], CPIStack.ScalarMemInst, 0.020408163266
916, GPU[1].SA[7].CU[0], CPIStack.Special, 0.061224489796
917, GPU[1].SA[7].CU[0], CPIStack.VALU, 0.651491365774
918, GPU[1].SA[7].CU[0], CPIStack.VMem, 0.373626373627
919, GPU[1].SA[7].CU[0], CPIStack.VMemInst, 0.423861852433
920, GPU[1].SA[7].CU[0], CPIStack.total, 5619.390894819467
921, GPU[1].SA[7].CU[0], SIMDCPIStack.Branch, 1.380530973460
922, GPU[1].SA[7].CU[0], SIMDCPIStack.Fetch, 17.318584070786
923, GPU[1].SA[7].CU[0], SIMDCPIStack.Idle, 24790.778761061953
924, GPU[1].SA[7].CU[0], SIMDCPIStack.LDS, 0.176991150434
925, GPU[1].SA[7].CU[0], SIMDCPIStack.ScalarInst, 3.504424778768
926, GPU[1].SA[7].CU[0], SIMDCPIStack.ScalarMem, 26.796460177002
927, GPU[1].SA[7].CU[0], SIMDCPIStack.ScalarMemInst, 0.115044247794
928, GPU[1].SA[7].CU[0], SIMDCPIStack.Special, 0.345132743362
929, GPU[1].SA[7].CU[0], SIMDCPIStack.VALU, 3.672566371665
930, GPU[1].SA[7].CU[0], SIMDCPIStack.VMem, 2.106194690268
931, GPU[1].SA[7].CU[0], SIMDCPIStack.VMemInst, 2.389380530975
932, GPU[1].SA[7].CU[0], SIMDCPIStack.total, 31677.451327433628
933, GPU[1].SA[7].CU[1], CPIStack.Branch, 0.257985257986
934, GPU[1].SA[7].CU[1], CPIStack.Fetch, 2.880835380834
935, GPU[1].SA[7].CU[1], CPIStack.Idle, 3441.562653562654
936, GPU[1].SA[7].CU[1], CPIStack.LDS, 0.024570024570
937, GPU[1].SA[7].CU[1], CPIStack.ScalarInst, 0.802211302213
938, GPU[1].SA[7].CU[1], CPIStack.ScalarMem, 2.812039312039
939, GPU[1].SA[7].CU[1], CPIStack.ScalarMemInst, 0.074938574938
940, GPU[1].SA[7].CU[1], CPIStack.Special, 0.071253071252
941, GPU[1].SA[7].CU[1], CPIStack.VALU, 0.819410319411
942, GPU[1].SA[7].CU[1], CPIStack.VMem, 2.036855036855
943, GPU[1].SA[7].CU[1], CPIStack.VMemInst, 1.067567567567
944, GPU[1].SA[7].CU[1], CPIStack.total, 4337.683046683047
945, GPU[1].SA[7].CU[1], SIMDCPIStack.Branch, 1.280487804880
946, GPU[1].SA[7].CU[1], SIMDCPIStack.Fetch, 14.298780487798
947, GPU[1].SA[7].CU[1], SIMDCPIStack.Idle, 17081.902439024394
948, GPU[1].SA[7].CU[1], SIMDCPIStack.LDS, 0.121951219511
949, GPU[1].SA[7].CU[1], SIMDCPIStack.ScalarInst, 3.981707317081
950, GPU[1].SA[7].CU[1], SIMDCPIStack.ScalarMem, 13.957317073168
951, GPU[1].SA[7].CU[1], SIMDCPIStack.ScalarMemInst, 0.371951219508
952, GPU[1].SA[7].CU[1], SIMDCPIStack.Special, 0.353658536582
953, GPU[1].SA[7].CU[1], SIMDCPIStack.VALU, 4.067073170736
954, GPU[1].SA[7].CU[1], SIMDCPIStack.VMem, 10.109756097561
955, GPU[1].SA[7].CU[1], SIMDCPIStack.VMemInst, 5.298780487803
956, GPU[1].SA[7].CU[1], SIMDCPIStack.total, 21529.719512195123
957, GPU[1].SA[7].CU[2], CPIStack.Branch, 0.233606557379
958, GPU[1].SA[7].CU[2], CPIStack.Fetch, 4.749999999996
959, GPU[1].SA[7].CU[2], CPIStack.Idle, 5738.836065573771
960, GPU[1].SA[7].CU[2], CPIStack.ScalarInst, 1.114754098356
961, GPU[1].SA[7].CU[2], CPIStack.ScalarMem, 3.215163934427
962, GPU[1].SA[7].CU[2], CPIStack.ScalarMemInst, 0.221311475414
963, GPU[1].SA[7].CU[2], CPIStack.Special, 0.086065573773
964, GPU[1].SA[7].CU[2], CPIStack.VALU, 1.303278688523
965, GPU[1].SA[7].CU[2], CPIStack.VMem, 7.821721311478
966, GPU[1].SA[7].CU[2], CPIStack.VMemInst, 2.965163934423
967, GPU[1].SA[7].CU[2], CPIStack.total, 7132.782786885246
968, GPU[1].SA[7].CU[2], SIMDCPIStack.Branch, 0.791666666675
969, GPU[1].SA[7].CU[2], SIMDCPIStack.Fetch, 16.097222222209
970, GPU[1].SA[7].CU[2], SIMDCPIStack.Idle, 19448.277777777777
971, GPU[1].SA[7].CU[2], SIMDCPIStack.ScalarInst, 3.777777777762
972, GPU[1].SA[7].CU[2], SIMDCPIStack.ScalarMem, 10.895833333337
973, GPU[1].SA[7].CU[2], SIMDCPIStack.ScalarMemInst, 0.750000000015
974, GPU[1].SA[7].CU[2], SIMDCPIStack.Special, 0.291666666676
975, GPU[1].SA[7].CU[2], SIMDCPIStack.VALU, 4.416666666662
976, GPU[1].SA[7].CU[2], SIMDCPIStack.VMem, 26.506944444453
977, GPU[1].SA[7].CU[2], SIMDCPIStack.VMemInst, 10.048611111101
978, GPU[1].SA[7].CU[2], SIMDCPIStack.total, 24172.208333333332
979, GPU[1].SA[7].CU[3], CPIStack.Branch, 0.233606557380
980, GPU[1].SA[7].CU[3], CPIStack.Fetch, 4.749999999997
981, GPU[1].SA[7].CU[3], CPIStack.Idle, 5736.795081967214
982, GPU[1].SA[7].CU[3], CPIStack.ScalarInst, 1.114754098363
983, GPU[1].SA[7].CU[3], CPIStack.ScalarMem, 3.204918032788
984, GPU[1].SA[7].CU[3], CPIStack.ScalarMemInst, 0.221311475408
985, GPU[1].SA[7].CU[3], CPIStack.Special, 0.086065573771
986, GPU[1].SA[7].CU[3], CPIStack.VALU, 1.303278688521
987, GPU[1].SA[7].CU[3], CPIStack.VMem, 7.821721311476
988, GPU[1].SA[7].CU[3], CPIStack.VMemInst, 2.975409836065
989, GPU[1].SA[7].CU[3], CPIStack.total, 7026.311475409836
990, GPU[1].SA[7].CU[3], SIMDCPIStack.Branch, 0.791666666676
991, GPU[1].SA[7].CU[3], SIMDCPIStack.Fetch, 16.097222222214
992, GPU[1].SA[7].CU[3], SIMDCPIStack.Idle, 19441.361111111113
993, GPU[1].SA[7].CU[3], SIMDCPIStack.ScalarInst, 3.777777777786
994, GPU[1].SA[7].CU[3], SIMDCPIStack.ScalarMem, 10.861111111115
995, GPU[1].SA[7].CU[3], SIMDCPIStack.ScalarMemInst, 0.749999999994
996, GPU[1].SA[7].CU[3], SIMDCPIStack.Special, 0.291666666668
997, GPU[1].SA[7].CU[3], SIMDCPIStack.VALU, 4.416666666655
998, GPU[1].SA[7].CU[3], SIMDCPIStack.VMem, 26.506944444447
999, GPU[1].SA[7].CU[3], SIMDCPIStack.VMemInst, 10.083333333332
1000, GPU[1].SA[7].CU[3], SIMDCPIStack.total, 23811.388888888891
1001, GPU[1].SA[8].CU[0], CPIStack.Branch, 0.072413793106
1002, GPU[1].SA[8].CU[0], CPIStack.Fetch, 6.920689655174
1003, GPU[1].SA[8].CU[0], CPIStack.Idle, 9661.562068965513
1004, GPU[1].SA[8].CU[0], CPIStack.ScalarInst, 0.562068965518
1005, GPU[1].SA[8].CU[0], CPIStack.ScalarMem, 7.931034482756
1006, GPU[1].SA[8].CU[0], CPIStack.ScalarMemInst, 0.041379310345
1007, GPU[1].SA[8].CU[0], CPIStack.Special, 0.017241379308
1008, GPU[1].SA[8].CU[0], CPIStack.VALU, 2.868965517239
1009, GPU[1].SA[8].CU[0], CPIStack.VMem, 0.462068965519
1010, GPU[1].SA[8].CU[0], CPIStack.VMemInst, 1.213793103452
1011, GPU[1].SA[8].CU[0], CPIStack.total, 11644.441379310345
1012, GPU[1].SA[8].CU[0], SIMDCPIStack.Branch, 0.118644067802
1013, GPU[1].SA[8].CU[0], SIMDCPIStack.Fetch, 11.338983050850
1014, GPU[1].SA[8].CU[0], SIMDCPIStack.Idle, 15829.677966101690
1015, GPU[1].SA[8].CU[0], SIMDCPIStack.ScalarInst, 0.920903954804
1016, GPU[1].SA[8].CU[0], SIMDCPIStack.ScalarMem, 12.994350282482
1017, GPU[1].SA[8].CU[0], SIMDCPIStack.ScalarMemInst, 0.067796610171
1018, GPU[1].SA[8].CU[0], SIMDCPIStack.Special, 0.028248587567
1019, GPU[1].SA[8].CU[0], SIMDCPIStack.VALU, 4.700564971747
1020, GPU[1].SA[8].CU[0], SIMDCPIStack.VMem, 0.757062146896
1021, GPU[1].SA[8].CU[0], SIMDCPIStack.VMemInst, 1.988700564979
1022, GPU[1].SA[8].CU[0], SIMDCPIStack.total, 19078.463276836159
1023, GPU[1].SA[8].CU[1], CPIStack.Branch, 0.278481012658
1024, GPU[1].SA[8].CU[1], CPIStack.Fetch, 2.814345991560
1025, GPU[1].SA[8].CU[1], CPIStack.Idle, 2361.810970464136
1026, GPU[1].SA[8].CU[1], CPIStack.LDS, 0.102953586497
1027, GPU[1].SA[8].CU[1], CPIStack.ScalarInst, 1.157805907178
1028, GPU[1].SA[8].CU[1], CPIStack.ScalarMem, 1.866666666666
1029, GPU[1].SA[8].CU[1], CPIStack.ScalarMemInst, 0.075105485232
1030, GPU[1].SA[8].CU[1], CPIStack.Special, 0.092827004221
1031, GPU[1].SA[8].CU[1], CPIStack.VALU, 1.251476793248
1032, GPU[1].SA[8].CU[1], CPIStack.VMem, 2.613502109704
1033, GPU[1].SA[8].CU[1], CPIStack.VMemInst, 1.446413502106
1034, GPU[1].SA[8].CU[1], CPIStack.total, 2808.575527426161
1035, GPU[1].SA[8].CU[1], SIMDCPIStack.Branch, 1.037735849057
1036, GPU[1].SA[8].CU[1], SIMDCPIStack.Fetch, 10.487421383645
1037, GPU[1].SA[8].CU[1], SIMDCPIStack.Idle, 8801.088050314469
1038, GPU[1].SA[8].CU[1], SIMDCPIStack.LDS, 0.383647798739
1039, GPU[1].SA[8].CU[1], SIMDCPIStack.ScalarInst, 4.314465408823
1040, GPU[1].SA[8].CU[1], SIMDCPIStack.ScalarMem, 6.955974842765
1041, GPU[1].SA[8].CU[1], SIMDCPIStack.ScalarMemInst, 0.279874213837
1042, GPU[1].SA[8].CU[1], SIMDCPIStack.Special, 0.345911949692
1043, GPU[1].SA[8].CU[1], SIMDCPIStack.VALU, 4.663522012575
1044, GPU[1].SA[8].CU[1], SIMDCPIStack.VMem, 9.738993710689
1045, GPU[1].SA[8].CU[1], SIMDCPIStack.VMemInst, 5.389937106904
1046, GPU[1].SA[8].CU[1], SIMDCPIStack.total, 10465.918238993710
1047, GPU[1].SA[8].CU[2], CPIStack.Branch, 0.273913043479
1048, GPU[1].SA[8].CU[2], CPIStack.Fetch, 3.177173913042
1049, GPU[1].SA[8].CU[2], CPIStack.Idle, 2989.114130434784
1050, GPU[1].SA[8].CU[2], CPIStack.LDS, 0.132608695654
1051, GPU[1].SA[8].CU[2], CPIStack.ScalarInst, 1.073913043480
1052, GPU[1].SA[8].CU[2], CPIStack.ScalarMem, 3.202173913044
1053, GPU[1].SA[8].CU[2], CPIStack.ScalarMemInst, 0.018478260870
1054, GPU[1].SA[8].CU[2], CPIStack.Special, 0.089130434782
1055, GPU[1].SA[8].CU[2], CPIStack.VALU, 1.207608695654
1056, GPU[1].SA[8].CU[2], CPIStack.VMem, 1.046739130434
1057, GPU[1].SA[8].CU[2], CPIStack.VMemInst, 0.859782608690
1058, GPU[1].SA[8].CU[2], CPIStack.total, 3560.432608695652
1059, GPU[1].SA[8].CU[2], SIMDCPIStack.Branch, 1.037037037040
1060, GPU[1].SA[8].CU[2], SIMDCPIStack.Fetch, 12.028806584357
1061, GPU[1].SA[8].CU[2], SIMDCPIStack.Idle, 11316.810699588483
1062, GPU[1].SA[8].CU[2], SIMDCPIStack.LDS, 0.502057613176
1063, GPU[1].SA[8].CU[2], SIMDCPIStack.ScalarInst, 4.065843621405
1064, GPU[1].SA[8].CU[2], SIMDCPIStack.ScalarMem, 12.123456790126
1065, GPU[1].SA[8].CU[2], SIMDCPIStack.ScalarMemInst, 0.069958847737
1066, GPU[1].SA[8].CU[2], SIMDCPIStack.Special, 0.337448559669
1067, GPU[1].SA[8].CU[2], SIMDCPIStack.VALU, 4.572016460914
1068, GPU[1].SA[8].CU[2], SIMDCPIStack.VMem, 3.962962962961
1069, GPU[1].SA[8].CU[2], SIMDCPIStack.VMemInst, 3.255144032900
1070, GPU[1].SA[8].CU[2], SIMDCPIStack.total, 13479.827160493827
1071, GPU[1].SA[8].CU[3], CPIStack.Branch, 0.282501756853
1072, GPU[1].SA[8].CU[3], CPIStack.Fetch, 2.372452565002
1073, GPU[1].SA[8].CU[3], CPIStack.Idle, 1896.907940969783
1074, GPU[1].SA[8].CU[3], CPIStack.LDS, 0.099789177795
1075, GPU[1].SA[8].CU[3], CPIStack.ScalarInst, 0.947294448349
1076, GPU[1].SA[8].CU[3], CPIStack.ScalarMem, 2.010541110330
1077, GPU[1].SA[8].CU[3], CPIStack.ScalarMemInst, 0.012649332396
1078, GPU[1].SA[8].CU[3], CPIStack.Special, 0.082220660576
1079, GPU[1].SA[8].CU[3], CPIStack.VALU, 0.983134223474
1080, GPU[1].SA[8].CU[3], CPIStack.VMem, 1.198875614898
1081, GPU[1].SA[8].CU[3], CPIStack.VMemInst, 0.569922698520
1082, GPU[1].SA[8].CU[3], CPIStack.total, 2267.687983134224
1083, GPU[1].SA[8].CU[3], SIMDCPIStack.Branch, 1.280254777076
1084, GPU[1].SA[8].CU[3], SIMDCPIStack.Fetch, 10.751592356680
1085, GPU[1].SA[8].CU[3], SIMDCPIStack.Idle, 8596.496815286628
1086, GPU[1].SA[8].CU[3], SIMDCPIStack.LDS, 0.452229299369
1087, GPU[1].SA[8].CU[3], SIMDCPIStack.ScalarInst, 4.292993630577
1088, GPU[1].SA[8].CU[3], SIMDCPIStack.ScalarMem, 9.111464968154
1089, GPU[1].SA[8].CU[3], SIMDCPIStack.ScalarMemInst, 0.057324840762
1090, GPU[1].SA[8].CU[3], SIMDCPIStack.Special, 0.372611464966
1091, GPU[1].SA[8].CU[3], SIMDCPIStack.VALU, 4.455414012751
1092, GPU[1].SA[8].CU[3], SIMDCPIStack.VMem, 5.433121019107
1093, GPU[1].SA[8].CU[3], SIMDCPIStack.VMemInst, 2.582802547752
1094, GPU[1].SA[8].CU[3], SIMDCPIStack.total, 10276.815286624205
1095, GPU[1].SA[9].CU[0], CPIStack.Branch, 0.278942570649
1096, GPU[1].SA[9].CU[0], CPIStack.Fetch, 2.825888787602
1097, GPU[1].SA[9].CU[0], CPIStack.Idle, 2412.505013673656
1098, GPU[1].SA[9].CU[0], CPIStack.LDS, 0.111212397448
1099, GPU[1].SA[9].CU[0], CPIStack.ScalarInst, 1.134001823157
1100, GPU[1].SA[9].CU[0], CPIStack.ScalarMem, 2.014585232452
1101, GPU[1].SA[9].CU[0], CPIStack.ScalarMemInst, 0.059252506837
1102, GPU[1].SA[9].CU[0], CPIStack.Special, 0.092069279855
1103, GPU[1].SA[9].CU[0], CPIStack.VALU, 1.242479489519
1104, GPU[1].SA[9].CU[0], CPIStack.VMem, 3.838650865998
1105, GPU[1].SA[9].CU[0], CPIStack.VMemInst, 1.265268915218
1106, GPU[1].SA[9].CU[0], CPIStack.total, 2895.332725615314
1107, GPU[1].SA[9].CU[0], SIMDCPIStack.Branch, 1.040816326536
1108, GPU[1].SA[9].CU[0], SIMDCPIStack.Fetch, 10.544217687073
1109, GPU[1].SA[9].CU[0], SIMDCPIStack.Idle, 9001.761904761906
1110, GPU[1].SA[9].CU[0], SIMDCPIStack.LDS, 0.414965986394
1111, GPU[1].SA[9].CU[0], SIMDCPIStack.ScalarInst, 4.231292517020
1112, GPU[1].SA[9].CU[0], SIMDCPIStack.ScalarMem, 7.517006802720
1113, GPU[1].SA[9].CU[0], SIMDCPIStack.ScalarMemInst, 0.221088435374
1114, GPU[1].SA[9].CU[0], SIMDCPIStack.Special, 0.343537414967
1115, GPU[1].SA[9].CU[0], SIMDCPIStack.VALU, 4.636054421775
1116, GPU[1].SA[9].CU[0], SIMDCPIStack.VMem, 14.323129251699
1117, GPU[1].SA[9].CU[0], SIMDCPIStack.VMemInst, 4.721088435356
1118, GPU[1].SA[9].CU[0], SIMDCPIStack.total, 10803.333333333334
1119, GPU[1].SA[9].CU[1], CPIStack.Branch, 0.221402214020
1120, GPU[1].SA[9].CU[1], CPIStack.Fetch, 7.188191881922
1121, GPU[1].SA[9].CU[1], CPIStack.Idle, 9750.476014760146
1122, GPU[1].SA[9].CU[1], CPIStack.ScalarInst, 1.047970479708
1123, GPU[1].SA[9].CU[1], CPIStack.ScalarMem, 8.501845018451
1124, GPU[1].SA[9].CU[1], CPIStack.ScalarMemInst, 0.232472324723
1125, GPU[1].SA[9].CU[1], CPIStack.Special, 0.092250922515
1126, GPU[1].SA[9].CU[1], CPIStack.VALU, 1.394833948335
1127, GPU[1].SA[9].CU[1], CPIStack.VMem, 5.904059040592
1128, GPU[1].SA[9].CU[1], CPIStack.VMemInst, 3.132841328409
1129, GPU[1].SA[9].CU[1], CPIStack.total, 11491.660516605167
1130, GPU[1].SA[9].CU[1], SIMDCPIStack.Branch, 0.714285714279
1131, GPU[1].SA[9].CU[1], SIMDCPIStack.Fetch, 23.190476190485
1132, GPU[1].SA[9].CU[1], SIMDCPIStack.Idle, 31456.892857142851
1133, GPU[1].SA[9].CU[1], SIMDCPIStack.ScalarInst, 3.380952380962
1134, GPU[1].SA[9].CU[1], SIMDCPIStack.ScalarMem, 27.428571428575
1135, GPU[1].SA[9].CU[1], SIMDCPIStack.ScalarMemInst, 0.750000000000
1136, GPU[1].SA[9].CU[1], SIMDCPIStack.Special, 0.297619047638
1137, GPU[1].SA[9].CU[1], SIMDCPIStack.VALU, 4.499999999986
1138, GPU[1].SA[9].CU[1], SIMDCPIStack.VMem, 19.047619047625
1139, GPU[1].SA[9].CU[1], SIMDCPIStack.VMemInst, 10.107142857128
1140, GPU[1].SA[9].CU[1], SIMDCPIStack.total, 37074.285714285717
1141, GPU[1].SA[9].CU[2], CPIStack.Branch, 0.244897959184
1142, GPU[1].SA[9].CU[2], CPIStack.Fetch, 3.070643642071
1143, GPU[1].SA[9].CU[2], CPIStack.Idle, 4149.723704866563
1144, GPU[1].SA[9].CU[2], CPIStack.LDS, 0.031397174254
1145, GPU[1].SA[9].CU[2], CPIStack.ScalarInst, 0.621664050236
1146, GPU[1].SA[9].CU[2], CPIStack.ScalarMem, 4.753532182103
1147, GPU[1].SA[9].CU[2], CPIStack.ScalarMemInst, 0.020408163266
1148, GPU[1].SA[9].CU[2], CPIStack.Special, 0.061224489795
1149, GPU[1].SA[9].CU[2], CPIStack.VALU, 0.651491365778
1150, GPU[1].SA[9].CU[2], CPIStack.VMem, 0.373626373626
1151, GPU[1].SA[9].CU[2], CPIStack.VMemInst, 0.423861852434
1152, GPU[1].SA[9].CU[2], CPIStack.total, 4812.474097331240
1153, GPU[1].SA[9].CU[2], SIMDCPIStack.Branch, 1.380530973454
1154, GPU[1].SA[9].CU[2], SIMDCPIStack.Fetch, 17.309734513267
1155, GPU[1].SA[9].CU[2], SIMDCPIStack.Idle, 23392.690265486730
1156, GPU[1].SA[9].CU[2], SIMDCPIStack.LDS, 0.176991150440
1157, GPU[1].SA[9].CU[2], SIMDCPIStack.ScalarInst, 3.504424778763
1158, GPU[1].SA[9].CU[2], SIMDCPIStack.ScalarMem, 26.796460176989
1159, GPU[1].SA[9].CU[2], SIMDCPIStack.ScalarMemInst, 0.115044247790
1160, GPU[1].SA[9].CU[2], SIMDCPIStack.Special, 0.345132743360
1161, GPU[1].SA[9].CU[2], SIMDCPIStack.VALU, 3.672566371685
1162, GPU[1].SA[9].CU[2], SIMDCPIStack.VMem, 2.106194690266
1163, GPU[1].SA[9].CU[2], SIMDCPIStack.VMemInst, 2.389380530977
1164, GPU[1].SA[9].CU[2], SIMDCPIStack.total, 27128.725663716814
1165, GPU[1].SA[9].CU[3], CPIStack.Branch, 0.257985257989
1166, GPU[1].SA[9].CU[3], CPIStack.Fetch, 2.880835380834
1167, GPU[1].SA[9].CU[3], CPIStack.Idle, 3244.515970515972
1168, GPU[1].SA[9].CU[3], CPIStack.LDS, 0.024570024568
1169, GPU[1].SA[9].CU[3], CPIStack.ScalarInst, 0.802211302211
1170, GPU[1].SA[9].CU[3], CPIStack.ScalarMem, 2.815724815724
1171, GPU[1].SA[9].CU[3], CPIStack.ScalarMemInst, 0.074938574939
1172, GPU[1].SA[9].CU[3], CPIStack.Special, 0.071253071252
1173, GPU[1].SA[9].CU[3], CPIStack.VALU, 0.819410319412
1174, GPU[1].SA[9].CU[3], CPIStack.VMem, 2.036855036855
1175, GPU[1].SA[9].CU[3], CPIStack.VMemInst, 1.063882063881
1176, GPU[1].SA[9].CU[3], CPIStack.total, 3704.508599508600
1177, GPU[1].SA[9].CU[3], SIMDCPIStack.Branch, 1.280487804897
1178, GPU[1].SA[9].CU[3], SIMDCPIStack.Fetch, 14.298780487797
1179, GPU[1].SA[9].CU[3], SIMDCPIStack.Idle, 16103.878048780496
1180, GPU[1].SA[9].CU[3], SIMDCPIStack.LDS, 0.121951219501
1181, GPU[1].SA[9].CU[3], SIMDCPIStack.ScalarInst, 3.981707317073
1182, GPU[1].SA[9].CU[3], SIMDCPIStack.ScalarMem, 13.975609756094
1183, GPU[1].SA[9].CU[3], SIMDCPIStack.ScalarMemInst, 0.371951219512
1184, GPU[1].SA[9].CU[3], SIMDCPIStack.Special, 0.353658536578
1185, GPU[1].SA[9].CU[3], SIMDCPIStack.VALU, 4.067073170742
1186, GPU[1].SA[9].CU[3], SIMDCPIStack.VMem, 10.109756097563
1187, GPU[1].SA[9].CU[3], SIMDCPIStack.VMemInst, 5.280487804871
1188, GPU[1].SA[9].CU[3], SIMDCPIStack.total, 18387.012195121952
1189, GPU[1].SA[10].CU[0], CPIStack.Branch, 0.233606557374
1190, GPU[1].SA[10].CU[0], CPIStack.Fetch, 4.750000000002
1191, GPU[1].SA[10].CU[0], CPIStack.Idle, 5410.202868852461
1192, GPU[1].SA[10].CU[0], CPIStack.ScalarInst, 1.114754098364
1193, GPU[1].SA[10].CU[0], CPIStack.ScalarMem, 3.219262295083
1194, GPU[1].SA[10].CU[0], CPIStack.ScalarMemInst, 0.221311475404
1195, GPU[1].SA[10].CU[0], CPIStack.Special, 0.086065573767
1196, GPU[1].SA[10].CU[0], CPIStack.VALU, 1.303278688525
1197, GPU[1].SA[10].CU[0], CPIStack.VMem, 7.821721311475
1198, GPU[1].SA[10].CU[0], CPIStack.VMemInst, 2.961065573774
1199, GPU[1].SA[10].CU[0], CPIStack.total, 6074.631147540984
1200, GPU[1].SA[10].CU[0], SIMDCPIStack.Branch, 0.791666666657
1201, GPU[1].SA[10].CU[0], SIMDCPIStack.Fetch, 16.097222222230
1202, GPU[1].SA[10].CU[0], SIMDCPIStack.Idle, 18334.576388888894
1203, GPU[1].SA[10].CU[0], SIMDCPIStack.ScalarInst, 3.777777777789
1204, GPU[1].SA[10].CU[0], SIMDCPIStack.ScalarMem, 10.909722222226
1205, GPU[1].SA[10].CU[0], SIMDCPIStack.ScalarMemInst, 0.749999999982
1206, GPU[1].SA[10].CU[0], SIMDCPIStack.Special, 0.291666666655
1207, GPU[1].SA[10].CU[0], SIMDCPIStack.VALU, 4.416666666667
1208, GPU[1].SA[10].CU[0], SIMDCPIStack.VMem, 26.506944444442
1209, GPU[1].SA[10].CU[0], SIMDCPIStack.VMemInst, 10.034722222235
1210, GPU[1].SA[10].CU[0], SIMDCPIStack.total, 20586.250000000000
1211, GPU[1].SA[10].CU[1], CPIStack.Branch, 0.233606557378
1212, GPU[1].SA[10].CU[1], CPIStack.Fetch, 4.750000000002
1213, GPU[1].SA[10].CU[1], CPIStack.Idle, 5412.243852459009
1214, GPU[1].SA[10].CU[1], CPIStack.ScalarInst, 1.114754098362
1215, GPU[1].SA[10].CU[1], CPIStack.ScalarMem, 3.204918032787
1216, GPU[1].SA[10].CU[1], CPIStack.ScalarMemInst, 0.221311475411
1217, GPU[1].SA[10].CU[1], CPIStack.Special, 0.086065573771
1218, GPU[1].SA[10].CU[1], CPIStack.VALU, 1.303278688524
1219, GPU[1].SA[10].CU[1], CPIStack.VMem, 7.821721311473
1220, GPU[1].SA[10].CU[1], CPIStack.VMemInst, 2.975409836071
1221, GPU[1].SA[10].CU[1], CPIStack.total, 5970.200819672132
1222, GPU[1].SA[10].CU[1], SIMDCPIStack.Branch, 0.791666666669
1223, GPU[1].SA[10].CU[1], SIMDCPIStack.Fetch, 16.097222222230
1224, GPU[1].SA[10].CU[1], SIMDCPIStack.Idle, 18341.493055555529
1225, GPU[1].SA[10].CU[1], SIMDCPIStack.ScalarInst, 3.777777777783
1226, GPU[1].SA[10].CU[1], SIMDCPIStack.ScalarMem, 10.861111111110
1227, GPU[1].SA[10].CU[1], SIMDCPIStack.ScalarMemInst, 0.750000000003
1228, GPU[1].SA[10].CU[1], SIMDCPIStack.Special, 0.291666666670
1229, GPU[1].SA[10].CU[1], SIMDCPIStack.VALU, 4.416666666664
1230, GPU[1].SA[10].CU[1], SIMDCPIStack.VMem, 26.506944444436
1231, GPU[1].SA[10].CU[1], SIMDCPIStack.VMemInst, 10.083333333351
1232, GPU[1].SA[10].CU[1], SIMDCPIStack.total, 20232.347222222226
1233, GPU[1].SA[10].CU[2], CPIStack.Branch, 0.072413793106
1234, GPU[1].SA[10].CU[2], CPIStack.Fetch, 6.920689655170
1235, GPU[1].SA[10].CU[2], CPIStack.Idle, 9115.837931034483
1236, GPU[1].SA[10].CU[2], CPIStack.ScalarInst, 0.562068965509
1237, GPU[1].SA[10].CU[2], CPIStack.ScalarMem, 7.931034482758
1238, GPU[1].SA[10].CU[2], CPIStack.ScalarMemInst, 0.041379310345
1239, GPU[1].SA[10].CU[2], CPIStack.Special, 0.024137931034
1240, GPU[1].SA[10].CU[2], CPIStack.VALU, 2.868965517251
1241, GPU[1].SA[10].CU[2], CPIStack.VMem, 0.462068965515
1242, GPU[1].SA[10].CU[2], CPIStack.VMemInst, 1.213793103449
1243, GPU[1].SA[10].CU[2], CPIStack.total, 9870.303448275861
1244, GPU[1].SA[10].CU[2], SIMDCPIStack.Branch, 0.118644067800
1245, GPU[1].SA[10].CU[2], SIMDCPIStack.Fetch, 11.338983050843
1246, GPU[1].SA[10].CU[2], SIMDCPIStack.Idle, 14935.553672316384
1247, GPU[1].SA[10].CU[2], SIMDCPIStack.ScalarInst, 0.920903954788
1248, GPU[1].SA[10].CU[2], SIMDCPIStack.ScalarMem, 12.994350282485
1249, GPU[1].SA[10].CU[2], SIMDCPIStack.ScalarMemInst, 0.067796610171
1250, GPU[1].SA[10].CU[2], SIMDCPIStack.Special, 0.039548022598
1251, GPU[1].SA[10].CU[2], SIMDCPIStack.VALU, 4.700564971767
1252, GPU[1].SA[10].CU[2], SIMDCPIStack.VMem, 0.757062146889
1253, GPU[1].SA[10].CU[2], SIMDCPIStack.VMemInst, 1.988700564974
1254, GPU[1].SA[10].CU[2], SIMDCPIStack.total, 16171.683615819209
1255, GPU[1].SA[10].CU[3], CPIStack.Branch, 0.279965753423
1256, GPU[1].SA[10].CU[3], CPIStack.Fetch, 2.870719178083
1257, GPU[1].SA[10].CU[3], CPIStack.Idle, 2259.358732876713
1258, GPU[1].SA[10].CU[3], CPIStack.LDS, 0.104452054795
1259, GPU[1].SA[10].CU[3], CPIStack.ScalarInst, 1.150684931511
1260, GPU[1].SA[10].CU[3], CPIStack.ScalarMem, 1.893835616438
1261, GPU[1].SA[10].CU[3], CPIStack.ScalarMemInst, 0.076198630137
1262, GPU[1].SA[10].CU[3], CPIStack.Special, 0.093321917807
1263, GPU[1].SA[10].CU[3], CPIStack.VALU, 1.244006849313
1264, GPU[1].SA[10].CU[3], CPIStack.VMem, 2.566780821917
1265, GPU[1].SA[10].CU[3], CPIStack.VMemInst, 1.437499999999
1266, GPU[1].SA[10].CU[3], CPIStack.total, 2408.388698630137
1267, GPU[1].SA[10].CU[3], SIMDCPIStack.Branch, 1.048076923070
1268, GPU[1].SA[10].CU[3], SIMDCPIStack.Fetch, 10.746794871800
1269, GPU[1].SA[10].CU[3], SIMDCPIStack.Idle, 8458.112179487183
1270, GPU[1].SA[10].CU[3], SIMDCPIStack.LDS, 0.391025641027
1271, GPU[1].SA[10].CU[3], SIMDCPIStack.ScalarInst, 4.307692307707
1272, GPU[1].SA[10].CU[3], SIMDCPIStack.ScalarMem, 7.089743589743
1273, GPU[1].SA[10].CU[3], SIMDCPIStack.ScalarMemInst, 0.285256410255
1274, GPU[1].SA[10].CU[3], SIMDCPIStack.Special, 0.349358974356
1275, GPU[1].SA[10].CU[3], SIMDCPIStack.VALU, 4.657051282045
1276, GPU[1].SA[10].CU[3], SIMDCPIStack.VMem, 9.608974358972
1277, GPU[1].SA[10].CU[3], SIMDCPIStack.VMemInst, 5.381410256405
1278, GPU[1].SA[10].CU[3], SIMDCPIStack.total, 9016.019230769230
1279, GPU[1].SA[11].CU[0], CPIStack.Branch, 0.275747508304
1280, GPU[1].SA[11].CU[0], CPIStack.Fetch, 3.038759689923
1281, GPU[1].SA[11].CU[0], CPIStack.Idle, 2980.572535991141
1282, GPU[1].SA[11].CU[0], CPIStack.LDS, 0.135105204873
1283, GPU[1].SA[11].CU[0], CPIStack.ScalarInst, 1.062015503883
1284, GPU[1].SA[11].CU[0], CPIStack.ScalarMem, 3.262458471760
1285, GPU[1].SA[11].CU[0], CPIStack.ScalarMemInst, 0.018826135105
1286, GPU[1].SA[11].CU[0], CPIStack.Special, 0.093023255813
1287, GPU[1].SA[11].CU[0], CPIStack.VALU, 1.197120708745
1288, GPU[1].SA[11].CU[0], CPIStack.VMem, 1.006644518273
1289, GPU[1].SA[11].CU[0], CPIStack.VMemInst, 0.838316722035
1290, GPU[1].SA[11].CU[0], CPIStack.total, 3115.163898117386
1291, GPU[1].SA[11].CU[0], SIMDCPIStack.Branch, 1.050632911387
1292, GPU[1].SA[11].CU[0], SIMDCPIStack.Fetch, 11.578059071733
1293, GPU[1].SA[11].CU[0], SIMDCPIStack.Idle, 11356.358649789032
1294, GPU[1].SA[11].CU[0], SIMDCPIStack.LDS, 0.514767932491
1295, GPU[1].SA[11].CU[0], SIMDCPIStack.ScalarInst, 4.046413502137
1296, GPU[1].SA[11].CU[0], SIMDCPIStack.ScalarMem, 12.430379746833
1297, GPU[1].SA[11].CU[0], SIMDCPIStack.ScalarMemInst, 0.071729957807
1298, GPU[1].SA[11].CU[0], SIMDCPIStack.Special, 0.354430379741
1299, GPU[1].SA[11].CU[0], SIMDCPIStack.VALU, 4.561181434586
1300, GPU[1].SA[11].CU[0], SIMDCPIStack.VMem, 3.835443037976
1301, GPU[1].SA[11].CU[0], SIMDCPIStack.VMemInst, 3.194092826995
1302, GPU[1].SA[11].CU[0], SIMDCPIStack.total, 11869.168776371309
1303, GPU[1].SA[11].CU[1], CPIStack.Branch, 0.283783783785
1304, GPU[1].SA[11].CU[1], CPIStack.Fetch, 2.211237553344
1305, GPU[1].SA[11].CU[1], CPIStack.Idle, 1948.884779516358
1306, GPU[1].SA[11].CU[1], CPIStack.LDS, 0.101706970127
1307, GPU[1].SA[11].CU[1], CPIStack.ScalarInst, 0.943812233291
1308, GPU[1].SA[11].CU[1], CPIStack.ScalarMem, 2.083926031293
1309, GPU[1].SA[11].CU[1], CPIStack.ScalarMemInst, 0.011379800853
1310, GPU[1].SA[11].CU[1], CPIStack.Special, 0.083214793740
1311, GPU[1].SA[11].CU[1], CPIStack.VALU, 0.971550497865
1312, GPU[1].SA[11].CU[1], CPIStack.VMem, 0.741109530584
1313, GPU[1].SA[11].CU[1], CPIStack.VMemInst, 0.551920341392
1314, GPU[1].SA[11].CU[1], CPIStack.total, 2000.702702702703
1315, GPU[1].SA[11].CU[1], SIMDCPIStack.Branch, 1.295454545460
1316, GPU[1].SA[11].CU[1], SIMDCPIStack.Fetch, 10.094155844160
1317, GPU[1].SA[11].CU[1], SIMDCPIStack.Idle, 8896.532467532465
1318, GPU[1].SA[11].CU[1], SIMDCPIStack.LDS, 0.464285714282
1319, GPU[1].SA[11].CU[1], SIMDCPIStack.ScalarInst, 4.308441558463
1320, GPU[1].SA[11].CU[1], SIMDCPIStack.ScalarMem, 9.512987012983
1321, GPU[1].SA[11].CU[1], SIMDCPIStack.ScalarMemInst, 0.051948051947
1322, GPU[1].SA[11].CU[1], SIMDCPIStack.Special, 0.379870129866
1323, GPU[1].SA[11].CU[1], SIMDCPIStack.VALU, 4.435064935058
1324, GPU[1].SA[11].CU[1], SIMDCPIStack.VMem, 3.383116883119
1325, GPU[1].SA[11].CU[1], SIMDCPIStack.VMemInst, 2.519480519472
1326, GPU[1].SA[11].CU[1], SIMDCPIStack.total, 9133.077922077922
1327, GPU[1].SA[11].CU[2], CPIStack.Branch, 0.280555555554
1328, GPU[1].SA[11].CU[2], CPIStack.Fetch, 3.058333333333
1329, GPU[1].SA[11].CU[2], CPIStack.Idle, 2583.425925925927
1330, GPU[1].SA[11].CU[2], CPIStack.LDS, 0.113888888889
1331, GPU[1].SA[11].CU[2], CPIStack.ScalarInst, 1.121296296298
1332, GPU[1].SA[11].CU[2], CPIStack.ScalarMem, 1.984259259258
1333, GPU[1].SA[11].CU[2], CPIStack.ScalarMemInst, 0.059259259259
1334, GPU[1].SA[11].CU[2], CPIStack.Special, 0.092592592593
1335, GPU[1].SA[11].CU[2], CPIStack.VALU, 1.238888888887
1336, GPU[1].SA[11].CU[2], CPIStack.VMem, 3.203703703704
1337, GPU[1].SA[11].CU[2], CPIStack.VMemInst, 1.251851851853
1338, GPU[1].SA[11].CU[2], CPIStack.total, 2604.613888888890
1339, GPU[1].SA[11].CU[2], SIMDCPIStack.Branch, 1.052083333329
1340, GPU[1].SA[11].CU[2], SIMDCPIStack.Fetch, 11.468749999999
1341, GPU[1].SA[11].CU[2], SIMDCPIStack.Idle, 9687.847222222228
1342, GPU[1].SA[11].CU[2], SIMDCPIStack.LDS, 0.427083333333
1343, GPU[1].SA[11].CU[2], SIMDCPIStack.ScalarInst, 4.204861111117
1344, GPU[1].SA[11].CU[2], SIMDCPIStack.ScalarMem, 7.440972222219
1345, GPU[1].SA[11].CU[2], SIMDCPIStack.ScalarMemInst, 0.222222222220
1346, GPU[1].SA[11].CU[2], SIMDCPIStack.Special, 0.347222222223
1347, GPU[1].SA[11].CU[2], SIMDCPIStack.VALU, 4.645833333327
1348, GPU[1].SA[11].CU[2], SIMDCPIStack.VMem, 12.013888888888
1349, GPU[1].SA[11].CU[2], SIMDCPIStack.VMemInst, 4.694444444449
1350, GPU[1].SA[11].CU[2], SIMDCPIStack.total, 9767.302083333336
1351, GPU[1].SA[11].CU[3], CPIStack.Branch, 0.233606557375
1352, GPU[1].SA[11].CU[3], CPIStack.Fetch, 4.749999999997
1353, GPU[1].SA[11].CU[3], CPIStack.Idle, 0.151639344264
1354, GPU[1].SA[11].CU[3], CPIStack.ScalarInst, 1.114754098362
1355, GPU[1].SA[11].CU[3], CPIStack.ScalarMem, 3.225409836063
1356, GPU[1].SA[11].CU[3], CPIStack.ScalarMemInst, 0.221311475409
1357, GPU[1].SA[11].CU[3], CPIStack.Special, 0.086065573771
1358, GPU[1].SA[11].CU[3], CPIStack.VALU, 1.303278688528
1359, GPU[1].SA[11].CU[3], CPIStack.VMem, 6.143442622950
1360, GPU[1].SA[11].CU[3], CPIStack.VMemInst, 2.954918032789
1361, GPU[1].SA[11].CU[3], CPIStack.total, 11309.040983606559
1362, GPU[1].SA[11].CU[3], SIMDCPIStack.Branch, 0.791666666660
1363, GPU[1].SA[11].CU[3], SIMDCPIStack.Fetch, 16.097222222212
1364, GPU[1].SA[11].CU[3], SIMDCPIStack.Idle, 0.513888888895
1365, GPU[1].SA[11].CU[3], SIMDCPIStack.ScalarInst, 3.777777777783
1366, GPU[1].SA[11].CU[3], SIMDCPIStack.ScalarMem, 10.930555555548
1367, GPU[1].SA[11].CU[3], SIMDCPIStack.ScalarMemInst, 0.749999999997
1368, GPU[1].SA[11].CU[3], SIMDCPIStack.Special, 0.291666666670
1369, GPU[1].SA[11].CU[3], SIMDCPIStack.VALU, 4.416666666679
1370, GPU[1].SA[11].CU[3], SIMDCPIStack.VMem, 20.819444444442
1371, GPU[1].SA[11].CU[3], SIMDCPIStack.VMemInst, 10.013888888894
1372, GPU[1].SA[11].CU[3], SIMDCPIStack.total, 38325.083333333343
1373, GPU[1].SA[12].CU[0], CPIStack.Branch, 0.044776119405
1374, GPU[1].SA[12].CU[0], CPIStack.Fetch, 11.492537313429
1375, GPU[1].SA[12].CU[0], CPIStack.Idle, 0.014925373133
1376, GPU[1].SA[12].CU[0], CPIStack.ScalarInst, 0.223880597007
1377, GPU[1].SA[12].CU[0], CPIStack.ScalarMem, 22.731343283586
1378, GPU[1].SA[12].CU[0], CPIStack.ScalarMemInst, 0.089552238811
1379, GPU[1].SA[12].CU[0], CPIStack.Special, 0.029850746266
1380, GPU[1].SA[12].CU[0], CPIStack.VALU, 0.985074626878
1381, GPU[1].SA[12].CU[0], CPIStack.VMem, 1.223880597012
1382, GPU[1].SA[12].CU[0], CPIStack.VMemInst, 1.865671641786
1383, GPU[1].SA[12].CU[0], CPIStack.total, 40423.313432835821
1384, GPU[1].SA[12].CU[0], SIMDCPIStack.Branch, 0.142857142865
1385, GPU[1].SA[12].CU[0], SIMDCPIStack.Fetch, 36.666666666655
1386, GPU[1].SA[12].CU[0], SIMDCPIStack.Idle, 0.047619047615
1387, GPU[1].SA[12].CU[0], SIMDCPIStack.ScalarInst, 0.714285714261
1388, GPU[1].SA[12].CU[0], SIMDCPIStack.ScalarMem, 72.523809523821
1389, GPU[1].SA[12].CU[0], SIMDCPIStack.ScalarMemInst, 0.285714285729
1390, GPU[1].SA[12].CU[0], SIMDCPIStack.Special, 0.095238095229
1391, GPU[1].SA[12].CU[0], SIMDCPIStack.VALU, 3.142857142896
1392, GPU[1].SA[12].CU[0], SIMDCPIStack.VMem, 3.904761904751
1393, GPU[1].SA[12].CU[0], SIMDCPIStack.VMemInst, 5.952380952366
1394, GPU[1].SA[12].CU[0], SIMDCPIStack.total, 128969.619047619053
1395, GPU[1].SA[12].CU[1], CPIStack.Branch, 0.268421052630
1396, GPU[1].SA[12].CU[1], CPIStack.Fetch, 2.080701754386
1397, GPU[1].SA[12].CU[1], CPIStack.Idle, 0.015789473685
1398, GPU[1].SA[12].CU[1], CPIStack.LDS, 0.035087719297
1399, GPU[1].SA[12].CU[1], CPIStack.ScalarInst, 0.668421052631
1400, GPU[1].SA[12].CU[1], CPIStack.ScalarMem, 2.640350877193
1401, GPU[1].SA[12].CU[1], CPIStack.ScalarMemInst, 0.012280701754
1402, GPU[1].SA[12].CU[1], CPIStack.Special, 0.064912280701
1403, GPU[1].SA[12].CU[1], CPIStack.VALU, 0.612280701757
1404, GPU[1].SA[12].CU[1], CPIStack.VMem, 0.278947368422
1405, GPU[1].SA[12].CU[1], CPIStack.VMemInst, 0.254385964913
1406, GPU[1].SA[12].CU[1], CPIStack.total, 4666.112280701755
1407, GPU[1].SA[12].CU[1], SIMDCPIStack.Branch, 1.663043478253
1408, GPU[1].SA[12].CU[1], SIMDCPIStack.Fetch, 12.891304347824
1409, GPU[1].SA[12].CU[1], SIMDCPIStack.Idle, 0.097826086962
1410, GPU[1].SA[12].CU[1], SIMDCPIStack.LDS, 0.217391304342
1411, GPU[1].SA[12].CU[1], SIMDCPIStack.ScalarInst, 4.141304347819
1412, GPU[1].SA[12].CU[1], SIMDCPIStack.ScalarMem, 16.358695652176
1413, GPU[1].SA[12].CU[1], SIMDCPIStack.ScalarMemInst, 0.076086956519
1414, GPU[1].SA[12].CU[1], SIMDCPIStack.Special, 0.402173913039
1415, GPU[1].SA[12].CU[1], SIMDCPIStack.VALU, 3.793478260886
1416, GPU[1].SA[12].CU[1], SIMDCPIStack.VMem, 1.728260869570
1417, GPU[1].SA[12].CU[1], SIMDCPIStack.VMemInst, 1.576086956527
1418, GPU[1].SA[12].CU[1], SIMDCPIStack.total, 28909.608695652179
1419, GPU[1].SA[12].CU[2], CPIStack.Branch, 0.233606557379
1420, GPU[1].SA[12].CU[2], CPIStack.Fetch, 4.749999999999
1421, GPU[1].SA[12].CU[2], CPIStack.Idle, 0.151639344264
1422, GPU[1].SA[12].CU[2], CPIStack.ScalarInst, 1.114754098364
1423, GPU[1].SA[12].CU[2], CPIStack.ScalarMem, 3.225409836063
1424, GPU[1].SA[12].CU[2], CPIStack.ScalarMemInst, 0.221311475409
1425, GPU[1].SA[12].CU[2], CPIStack.Special, 0.086065573771
1426, GPU[1].SA[12].CU[2], CPIStack.VALU, 1.303278688521
1427, GPU[1].SA[12].CU[2], CPIStack.VMem, 10.024590163933
1428, GPU[1].SA[12].CU[2], CPIStack.VMemInst, 2.954918032789
1429, GPU[1].SA[12].CU[2], CPIStack.total, 10695.114754098362
1430, GPU[1].SA[12].CU[2], SIMDCPIStack.Branch, 0.791666666672
1431, GPU[1].SA[12].CU[2], SIMDCPIStack.Fetch, 16.097222222218
1432, GPU[1].SA[12].CU[2], SIMDCPIStack.Idle, 0.513888888895
1433, GPU[1].SA[12].CU[2], SIMDCPIStack.ScalarInst, 3.777777777789
1434, GPU[1].SA[12].CU[2], SIMDCPIStack.ScalarMem, 10.930555555548
1435, GPU[1].SA[12].CU[2], SIMDCPIStack.ScalarMemInst, 0.749999999997
1436, GPU[1].SA[12].CU[2], SIMDCPIStack.Special, 0.291666666670
1437, GPU[1].SA[12].CU[2], SIMDCPIStack.VALU, 4.416666666655
1438, GPU[1].SA[12].CU[2], SIMDCPIStack.VMem, 33.972222222218
1439, GPU[1].SA[12].CU[2], SIMDCPIStack.VMemInst, 10.013888888894
1440, GPU[1].SA[12].CU[2], SIMDCPIStack.total, 36244.555555555562
1441, GPU[1].SA[12].CU[3], CPIStack.Branch, 0.233606557377
1442, GPU[1].SA[12].CU[3], CPIStack.Fetch, 4.750000000001
1443, GPU[1].SA[12].CU[3], CPIStack.Idle, 0.151639344262
1444, GPU[1].SA[12].CU[3], CPIStack.ScalarInst, 1.114754098368
1445, GPU[1].SA[12].CU[3], CPIStack.ScalarMem, 3.204918032787
1446, GPU[1].SA[12].CU[3], CPIStack.ScalarMemInst, 0.221311475409
1447, GPU[1].SA[12].CU[3], CPIStack.Special, 0.086065573770
1448, GPU[1].SA[12].CU[3], CPIStack.VALU, 1.303278688523
1449, GPU[1].SA[12].CU[3], CPIStack.VMem, 10.024590163933
1450, GPU[1].SA[12].CU[3], CPIStack.VMemInst, 2.975409836064
1451, GPU[1].SA[12].CU[3], CPIStack.total, 10482.008196721312
1452, GPU[1].SA[12].CU[3], SIMDCPIStack.Branch, 0.791666666666
1453, GPU[1].SA[12].CU[3], SIMDCPIStack.Fetch, 16.097222222224
1454, GPU[1].SA[12].CU[3], SIMDCPIStack.Idle, 0.513888888889
1455, GPU[1].SA[12].CU[3], SIMDCPIStack.ScalarInst, 3.777777777801
1456, GPU[1].SA[12].CU[3], SIMDCPIStack.ScalarMem, 10.861111111110
1457, GPU[1].SA[12].CU[3], SIMDCPIStack.ScalarMemInst, 0.749999999997
1458, GPU[1].SA[12].CU[3], SIMDCPIStack.Special, 0.291666666664
1459, GPU[1].SA[12].CU[3], SIMDCPIStack.VALU, 4.416666666661
1460, GPU[1].SA[12].CU[3], SIMDCPIStack.VMem, 33.972222222218
1461, GPU[1].SA[12].CU[3], SIMDCPIStack.VMemInst, 10.083333333326
1462, GPU[1].SA[12].CU[3], SIMDCPIStack.total, 35522.361111111109
1463, GPU[1].SA[13].CU[0], CPIStack.Branch, 0.041095890413
1464, GPU[1].SA[13].CU[0], CPIStack.Fetch, 10.547945205470
1465, GPU[1].SA[13].CU[0], CPIStack.Idle, 0.013698630142
1466, GPU[1].SA[13].CU[0], CPIStack.ScalarInst, 0.205479452060
1467, GPU[1].SA[13].CU[0], CPIStack.ScalarMem, 20.863013698633
1468, GPU[1].SA[13].CU[0], CPIStack.ScalarMemInst, 0.082191780826
1469, GPU[1].SA[13].CU[0], CPIStack.Special, 0.027397260283
1470, GPU[1].SA[13].CU[0], CPIStack.VALU, 1.246575342457
1471, GPU[1].SA[13].CU[0], CPIStack.VMem, 0.876712328763
1472, GPU[1].SA[13].CU[0], CPIStack.VMemInst, 1.712328767119
1473, GPU[1].SA[13].CU[0], CPIStack.total, 34323.534246575349
1474, GPU[1].SA[13].CU[0], SIMDCPIStack.Branch, 0.115384615391
1475, GPU[1].SA[13].CU[0], SIMDCPIStack.Fetch, 29.615384615359
1476, GPU[1].SA[13].CU[0], SIMDCPIStack.Idle, 0.038461538475
1477, GPU[1].SA[13].CU[0], SIMDCPIStack.ScalarInst, 0.576923076936
1478, GPU[1].SA[13].CU[0], SIMDCPIStack.ScalarMem, 58.576923076932
1479, GPU[1].SA[13].CU[0], SIMDCPIStack.ScalarMemInst, 0.230769230781
1480, GPU[1].SA[13].CU[0], SIMDCPIStack.Special, 0.076923076949
1481, GPU[1].SA[13].CU[0], SIMDCPIStack.VALU, 3.499999999976
1482, GPU[1].SA[13].CU[0], SIMDCPIStack.VMem, 2.461538461527
1483, GPU[1].SA[13].CU[0], SIMDCPIStack.VMemInst, 4.807692307680
1484, GPU[1].SA[13].CU[0], SIMDCPIStack.total, 96369.923076923093
1485, GPU[1].SA[13].CU[1], CPIStack.Branch, 0.243975903613
1486, GPU[1].SA[13].CU[1], CPIStack.Fetch, 3.972891566263
1487, GPU[1].SA[13].CU[1], CPIStack.Idle, 0.159638554216
1488, GPU[1].SA[13].CU[1], CPIStack.ScalarInst, 1.204819277107
1489, GPU[1].SA[13].CU[1], CPIStack.ScalarMem, 2.376506024097
1490, GPU[1].SA[13].CU[1], CPIStack.ScalarMemInst, 0.234939759037
1491, GPU[1].SA[13].CU[1], CPIStack.Special, 0.087349397590
1492, GPU[1].SA[13].CU[1], CPIStack.VALU, 1.319277108439
1493, GPU[1].SA[13].CU[1], CPIStack.VMem, 6.659638554218
1494, GPU[1].SA[13].CU[1], CPIStack.VMemInst, 3.153614457830
1495, GPU[1].SA[13].CU[1], CPIStack.total, 7400.277108433735
1496, GPU[1].SA[13].CU[1], SIMDCPIStack.Branch, 0.843749999994
1497, GPU[1].SA[13].CU[1], SIMDCPIStack.Fetch, 13.739583333325
1498, GPU[1].SA[13].CU[1], SIMDCPIStack.Idle, 0.552083333332
1499, GPU[1].SA[13].CU[1], SIMDCPIStack.ScalarInst, 4.166666666660
1500, GPU[1].SA[13].CU[1], SIMDCPIStack.ScalarMem, 8.218750000002
1501, GPU[1].SA[13].CU[1], SIMDCPIStack.ScalarMemInst, 0.812500000001
1502, GPU[1].SA[13].CU[1], SIMDCPIStack.Special, 0.302083333332
1503, GPU[1].SA[13].CU[1], SIMDCPIStack.VALU, 4.562500000020
1504, GPU[1].SA[13].CU[1], SIMDCPIStack.VMem, 23.031250000002
1505, GPU[1].SA[13].CU[1], SIMDCPIStack.VMemInst, 10.906249999997
1506, GPU[1].SA[13].CU[1], SIMDCPIStack.total, 25592.625000000000
1507, GPU[1].SA[13].CU[2], CPIStack.Branch, 0.044776119405
1508, GPU[1].SA[13].CU[2], CPIStack.Fetch, 11.492537313429
1509, GPU[1].SA[13].CU[2], CPIStack.Idle, 0.014925373139
1510, GPU[1].SA[13].CU[2], CPIStack.ScalarInst, 0.223880597020
1511, GPU[1].SA[13].CU[2], CPIStack.ScalarMem, 22.731343283579
1512, GPU[1].SA[13].CU[2], CPIStack.ScalarMemInst, 0.089552238804
1513, GPU[1].SA[13].CU[2], CPIStack.Special, 0.029850746279
1514, GPU[1].SA[13].CU[2], CPIStack.VALU, 0.985074626859
1515, GPU[1].SA[13].CU[2], CPIStack.VMem, 1.223880597012
1516, GPU[1].SA[13].CU[2], CPIStack.VMemInst, 1.865671641793
1517, GPU[1].SA[13].CU[2], CPIStack.total, 35885.492537313439
1518, GPU[1].SA[13].CU[2], SIMDCPIStack.Branch, 0.142857142865
1519, GPU[1].SA[13].CU[2], SIMDCPIStack.Fetch, 36.666666666655
1520, GPU[1].SA[13].CU[2], SIMDCPIStack.Idle, 0.047619047635
1521, GPU[1].SA[13].CU[2], SIMDCPIStack.ScalarInst, 0.714285714302
1522, GPU[1].SA[13].CU[2], SIMDCPIStack.ScalarMem, 72.523809523800
1523, GPU[1].SA[13].CU[2], SIMDCPIStack.ScalarMemInst, 0.285714285708
1524, GPU[1].SA[13].CU[2], SIMDCPIStack.Special, 0.095238095271
1525, GPU[1].SA[13].CU[2], SIMDCPIStack.VALU, 3.142857142834
1526, GPU[1].SA[13].CU[2], SIMDCPIStack.VMem, 3.904761904751
1527, GPU[1].SA[13].CU[2], SIMDCPIStack.VMemInst, 5.952380952387
1528, GPU[1].SA[13].CU[2], SIMDCPIStack.total, 114491.809523809541
1529, GPU[1].SA[13].CU[3], CPIStack.Branch, 0.268421052630
1530, GPU[1].SA[13].CU[3], CPIStack.Fetch, 2.080701754387
1531, GPU[1].SA[13].CU[3], CPIStack.Idle, 0.015789473684
1532, GPU[1].SA[13].CU[3], CPIStack.LDS, 0.035087719299
1533, GPU[1].SA[13].CU[3], CPIStack.ScalarInst, 0.668421052634
1534, GPU[1].SA[13].CU[3], CPIStack.ScalarMem, 2.640350877193
1535, GPU[1].SA[13].CU[3], CPIStack.ScalarMemInst, 0.012280701754
1536, GPU[1].SA[13].CU[3], CPIStack.Special, 0.064912280701
1537, GPU[1].SA[13].CU[3], CPIStack.VALU, 0.612280701754
1538, GPU[1].SA[13].CU[3], CPIStack.VMem, 0.278947368421
1539, GPU[1].SA[13].CU[3], CPIStack.VMemInst, 0.254385964912
1540, GPU[1].SA[13].CU[3], CPIStack.total, 4132.719298245614
1541, GPU[1].SA[13].CU[3], SIMDCPIStack.Branch, 1.663043478253
1542, GPU[1].SA[13].CU[3], SIMDCPIStack.Fetch, 12.891304347833
1543, GPU[1].SA[13].CU[3], SIMDCPIStack.Idle, 0.097826086952
1544, GPU[1].SA[13].CU[3], SIMDCPIStack.LDS, 0.217391304351
1545, GPU[1].SA[13].CU[3], SIMDCPIStack.ScalarInst, 4.141304347838
1546, GPU[1].SA[13].CU[3], SIMDCPIStack.ScalarMem, 16.358695652171
1547, GPU[1].SA[13].CU[3], SIMDCPIStack.ScalarMemInst, 0.076086956519
1548, GPU[1].SA[13].CU[3], SIMDCPIStack.Special, 0.402173913039
1549, GPU[1].SA[13].CU[3], SIMDCPIStack.VALU, 3.793478260867
1550, GPU[1].SA[13].CU[3], SIMDCPIStack.VMem, 1.728260869565
1551, GPU[1].SA[13].CU[3], SIMDCPIStack.VMemInst, 1.576086956522
1552, GPU[1].SA[13].CU[3], SIMDCPIStack.total, 25604.891304347828
1553, GPU[1].SA[14].CU[0], CPIStack.Branch, 0.233606557384
1554, GPU[1].SA[14].CU[0], CPIStack.Fetch, 4.749999999995
1555, GPU[1].SA[14].CU[0], CPIStack.Idle, 0.151639344262
1556, GPU[1].SA[14].CU[0], CPIStack.ScalarInst, 1.114754098359
1557, GPU[1].SA[14].CU[0], CPIStack.ScalarMem, 3.225409836065
1558, GPU[1].SA[14].CU[0], CPIStack.ScalarMemInst, 0.221311475409
1559, GPU[1].SA[14].CU[0], CPIStack.Special, 0.086065573770
1560, GPU[1].SA[14].CU[0], CPIStack.VALU, 1.303278688523
1561, GPU[1].SA[14].CU[0], CPIStack.VMem, 6.143442622952
1562, GPU[1].SA[14].CU[0], CPIStack.VMemInst, 2.954918032789
1563, GPU[1].SA[14].CU[0], CPIStack.total, 9449.073770491803
1564, GPU[1].SA[14].CU[0], SIMDCPIStack.Branch, 0.791666666690
1565, GPU[1].SA[14].CU[0], SIMDCPIStack.Fetch, 16.097222222206
1566, GPU[1].SA[14].CU[0], SIMDCPIStack.Idle, 0.513888888889
1567, GPU[1].SA[14].CU[0], SIMDCPIStack.ScalarInst, 3.777777777771
1568, GPU[1].SA[14].CU[0], SIMDCPIStack.ScalarMem, 10.930555555554
1569, GPU[1].SA[14].CU[0], SIMDCPIStack.ScalarMemInst, 0.749999999997
1570, GPU[1].SA[14].CU[0], SIMDCPIStack.Special, 0.291666666664
1571, GPU[1].SA[14].CU[0], SIMDCPIStack.VALU, 4.416666666661
1572, GPU[1].SA[14].CU[0], SIMDCPIStack.VMem, 20.819444444448
1573, GPU[1].SA[14].CU[0], SIMDCPIStack.VMemInst, 10.013888888894
1574, GPU[1].SA[14].CU[0], SIMDCPIStack.total, 32021.861111111109
1575, GPU[1].SA[14].CU[1], CPIStack.Branch, 0.233606557377
1576, GPU[1].SA[14].CU[1], CPIStack.Fetch, 4.749999999999
1577, GPU[1].SA[14].CU[1], CPIStack.Idle, 0.151639344262
1578, GPU[1].SA[14].CU[1], CPIStack.ScalarInst, 1.114754098355
1579, GPU[1].SA[14].CU[1], CPIStack.ScalarMem, 3.204918032787
1580, GPU[1].SA[14].CU[1], CPIStack.ScalarMemInst, 0.221311475411
1581, GPU[1].SA[14].CU[1], CPIStack.Special, 0.086065573771
1582, GPU[1].SA[14].CU[1], CPIStack.VALU, 1.303278688523
1583, GPU[1].SA[14].CU[1], CPIStack.VMem, 5.778688524593
1584, GPU[1].SA[14].CU[1], CPIStack.VMemInst, 2.975409836069
1585, GPU[1].SA[14].CU[1], CPIStack.total, 9239.852459016394
1586, GPU[1].SA[14].CU[1], SIMDCPIStack.Branch, 0.791666666666
1587, GPU[1].SA[14].CU[1], SIMDCPIStack.Fetch, 16.097222222218
1588, GPU[1].SA[14].CU[1], SIMDCPIStack.Idle, 0.513888888889
1589, GPU[1].SA[14].CU[1], SIMDCPIStack.ScalarInst, 3.777777777759
1590, GPU[1].SA[14].CU[1], SIMDCPIStack.ScalarMem, 10.861111111110
1591, GPU[1].SA[14].CU[1], SIMDCPIStack.ScalarMemInst, 0.750000000003
1592, GPU[1].SA[14].CU[1], SIMDCPIStack.Special, 0.291666666670
1593, GPU[1].SA[14].CU[1], SIMDCPIStack.VALU, 4.416666666661
1594, GPU[1].SA[14].CU[1], SIMDCPIStack.VMem, 19.583333333344
1595, GPU[1].SA[14].CU[1], SIMDCPIStack.VMemInst, 10.083333333345
1596, GPU[1].SA[14].CU[1], SIMDCPIStack.total, 31312.833333333332
1597, GPU[1].SA[14].CU[2], CPIStack.Branch, 0.233606557377
1598, GPU[1].SA[14].CU[2], CPIStack.Fetch, 4.749999999999
1599, GPU[1].SA[14].CU[2], CPIStack.Idle, 0.151639344262
1600, GPU[1].SA[14].CU[2], CPIStack.ScalarInst, 1.114754098362
1601, GPU[1].SA[14].CU[2], CPIStack.ScalarMem, 3.204918032787
1602, GPU[1].SA[14].CU[2], CPIStack.ScalarMemInst, 0.221311475414
1603, GPU[1].SA[14].CU[2], CPIStack.Special, 0.086065573768
1604, GPU[1].SA[14].CU[2], CPIStack.VALU, 1.303278688525
1605, GPU[1].SA[14].CU[2], CPIStack.VMem, 5.778688524590
1606, GPU[1].SA[14].CU[2], CPIStack.VMemInst, 2.975409836064
1607, GPU[1].SA[14].CU[2], CPIStack.total, 9030.991803278688
1608, GPU[1].SA[14].CU[2], SIMDCPIStack.Branch, 0.791666666666
1609, GPU[1].SA[14].CU[2], SIMDCPIStack.Fetch, 16.097222222218
1610, GPU[1].SA[14].CU[2], SIMDCPIStack.Idle, 0.513888888889
1611, GPU[1].SA[14].CU[2], SIMDCPIStack.ScalarInst, 3.777777777783
1612, GPU[1].SA[14].CU[2], SIMDCPIStack.ScalarMem, 10.861111111110
1613, GPU[1].SA[14].CU[2], SIMDCPIStack.ScalarMemInst, 0.750000000015
1614, GPU[1].SA[14].CU[2], SIMDCPIStack.Special, 0.291666666658
1615, GPU[1].SA[14].CU[2], SIMDCPIStack.VALU, 4.416666666667
1616, GPU[1].SA[14].CU[2], SIMDCPIStack.VMem, 19.583333333331
1617, GPU[1].SA[14].CU[2], SIMDCPIStack.VMemInst, 10.083333333326
1618, GPU[1].SA[14].CU[2], SIMDCPIStack.total, 30605.027777777777
1619, GPU[1].SA[14].CU[3], CPIStack.Branch, 0.082949308758
1620, GPU[1].SA[14].CU[3], CPIStack.Fetch, 5.700460829490
1621, GPU[1].SA[14].CU[3], CPIStack.Idle, 0.087557603687
1622, GPU[1].SA[14].CU[3], CPIStack.ScalarInst, 0.682027649764
1623, GPU[1].SA[14].CU[3], CPIStack.ScalarMem, 3.580645161290
1624, GPU[1].SA[14].CU[3], CPIStack.ScalarMemInst, 0.027649769587
1625, GPU[1].SA[14].CU[3], CPIStack.Special, 0.013824884795
1626, GPU[1].SA[14].CU[3], CPIStack.VALU, 3.414746543782
1627, GPU[1].SA[14].CU[3], CPIStack.VMem, 0.322580645161
1628, GPU[1].SA[14].CU[3], CPIStack.VMemInst, 1.046082949308
1629, GPU[1].SA[14].CU[3], CPIStack.total, 9919.317972350231
1630, GPU[1].SA[14].CU[3], SIMDCPIStack.Branch, 0.119205298017
1631, GPU[1].SA[14].CU[3], SIMDCPIStack.Fetch, 8.192052980129
1632, GPU[1].SA[14].CU[3], SIMDCPIStack.Idle, 0.125827814569
1633, GPU[1].SA[14].CU[3], SIMDCPIStack.ScalarInst, 0.980132450324
1634, GPU[1].SA[14].CU[3], SIMDCPIStack.ScalarMem, 5.145695364238
1635, GPU[1].SA[14].CU[3], SIMDCPIStack.ScalarMemInst, 0.039735099340
1636, GPU[1].SA[14].CU[3], SIMDCPIStack.Special, 0.019867549673
1637, GPU[1].SA[14].CU[3], SIMDCPIStack.VALU, 4.907284768217
1638, GPU[1].SA[14].CU[3], SIMDCPIStack.VMem, 0.463576158941
1639, GPU[1].SA[14].CU[3], SIMDCPIStack.VMemInst, 1.503311258277
1640, GPU[1].SA[14].CU[3], SIMDCPIStack.total, 14254.913907284768
1641, GPU[1].SA[15].CU[0], CPIStack.Branch, 0.294258373204
1642, GPU[1].SA[15].CU[0], CPIStack.Fetch, 2.409090909091
1643, GPU[1].SA[15].CU[0], CPIStack.Idle, 0.047846889952
1644, GPU[1].SA[15].CU[0], CPIStack.LDS, 0.145933014355
1645, GPU[1].SA[15].CU[0], CPIStack.ScalarInst, 1.129186602872
1646, GPU[1].SA[15].CU[0], CPIStack.ScalarMem, 1.703349282296
1647, GPU[1].SA[15].CU[0], CPIStack.ScalarMemInst, 0.013157894737
1648, GPU[1].SA[15].CU[0], CPIStack.Special, 0.095693779903
1649, GPU[1].SA[15].CU[0], CPIStack.VALU, 1.214114832536
1650, GPU[1].SA[15].CU[0], CPIStack.VMem, 0.898325358852
1651, GPU[1].SA[15].CU[0], CPIStack.VMemInst, 0.755980861244
1652, GPU[1].SA[15].CU[0], CPIStack.total, 2515.672248803828
1653, GPU[1].SA[15].CU[0], SIMDCPIStack.Branch, 1.138888888882
1654, GPU[1].SA[15].CU[0], SIMDCPIStack.Fetch, 9.324074074073
1655, GPU[1].SA[15].CU[0], SIMDCPIStack.Idle, 0.185185185186
1656, GPU[1].SA[15].CU[0], SIMDCPIStack.LDS, 0.564814814819
1657, GPU[1].SA[15].CU[0], SIMDCPIStack.ScalarInst, 4.370370370375
1658, GPU[1].SA[15].CU[0], SIMDCPIStack.ScalarMem, 6.592592592592
1659, GPU[1].SA[15].CU[0], SIMDCPIStack.ScalarMemInst, 0.050925925925
1660, GPU[1].SA[15].CU[0], SIMDCPIStack.Special, 0.370370370364
1661, GPU[1].SA[15].CU[0], SIMDCPIStack.VALU, 4.699074074076
1662, GPU[1].SA[15].CU[0], SIMDCPIStack.VMem, 3.476851851853
1663, GPU[1].SA[15].CU[0], SIMDCPIStack.VMemInst, 2.925925925926
1664, GPU[1].SA[15].CU[0], SIMDCPIStack.total, 9736.583333333334
1665, GPU[1].SA[15].CU[1], CPIStack.Branch, 0.294258373204
1666, GPU[1].SA[15].CU[1], CPIStack.Fetch, 2.540669856459
1667, GPU[1].SA[15].CU[1], CPIStack.Idle, 0.045454545456
1668, GPU[1].SA[15].CU[1], CPIStack.LDS, 0.145933014355
1669, GPU[1].SA[15].CU[1], CPIStack.ScalarInst, 1.130382775120
1670, GPU[1].SA[15].CU[1], CPIStack.ScalarMem, 1.703349282296
1671, GPU[1].SA[15].CU[1], CPIStack.ScalarMemInst, 0.013157894737
1672, GPU[1].SA[15].CU[1], CPIStack.Special, 0.094497607652
1673, GPU[1].SA[15].CU[1], CPIStack.VALU, 1.214114832535
1674, GPU[1].SA[15].CU[1], CPIStack.VMem, 0.941387559810
1675, GPU[1].SA[15].CU[1], CPIStack.VMemInst, 0.754784688997
1676, GPU[1].SA[15].CU[1], CPIStack.total, 2515.666267942584
1677, GPU[1].SA[15].CU[1], SIMDCPIStack.Branch, 1.138888888884
1678, GPU[1].SA[15].CU[1], SIMDCPIStack.Fetch, 9.833333333334
1679, GPU[1].SA[15].CU[1], SIMDCPIStack.Idle, 0.175925925932
1680, GPU[1].SA[15].CU[1], SIMDCPIStack.LDS, 0.564814814819
1681, GPU[1].SA[15].CU[1], SIMDCPIStack.ScalarInst, 4.375000000000
1682, GPU[1].SA[15].CU[1], SIMDCPIStack.ScalarMem, 6.592592592592
1683, GPU[1].SA[15].CU[1], SIMDCPIStack.ScalarMemInst, 0.050925925925
1684, GPU[1].SA[15].CU[1], SIMDCPIStack.Special, 0.365740740729
1685, GPU[1].SA[15].CU[1], SIMDCPIStack.VALU, 4.699074074070
1686, GPU[1].SA[15].CU[1], SIMDCPIStack.VMem, 3.643518518524
1687, GPU[1].SA[15].CU[1], SIMDCPIStack.VMemInst, 2.921296296303
1688, GPU[1].SA[15].CU[1], SIMDCPIStack.total, 9736.560185185184
1689, GPU[1].SA[15].CU[2], CPIStack.Branch, 0.294258373204
1690, GPU[1].SA[15].CU[2], CPIStack.Fetch, 2.571770334929
1691, GPU[1].SA[15].CU[2], CPIStack.Idle, 0.046650717704
1692, GPU[1].SA[15].CU[2], CPIStack.LDS, 0.145933014355
1693, GPU[1].SA[15].CU[2], CPIStack.ScalarInst, 1.123205741630
1694, GPU[1].SA[15].CU[2], CPIStack.ScalarMem, 1.623205741626
1695, GPU[1].SA[15].CU[2], CPIStack.ScalarMemInst, 0.013157894737
1696, GPU[1].SA[15].CU[2], CPIStack.Special, 0.094497607652
1697, GPU[1].SA[15].CU[2], CPIStack.VALU, 1.220095693778
1698, GPU[1].SA[15].CU[2], CPIStack.VMem, 0.941387559810
1699, GPU[1].SA[15].CU[2], CPIStack.VMemInst, 0.754784688995
1700, GPU[1].SA[15].CU[2], CPIStack.total, 2515.660287081340
1701, GPU[1].SA[15].CU[2], SIMDCPIStack.Branch, 1.138888888882
1702, GPU[1].SA[15].CU[2], SIMDCPIStack.Fetch, 9.953703703707
1703, GPU[1].SA[15].CU[2], SIMDCPIStack.Idle, 0.180555555559
1704, GPU[1].SA[15].CU[2], SIMDCPIStack.LDS, 0.564814814819
1705, GPU[1].SA[15].CU[2], SIMDCPIStack.ScalarInst, 4.347222222235
1706, GPU[1].SA[15].CU[2], SIMDCPIStack.ScalarMem, 6.282407407405
1707, GPU[1].SA[15].CU[2], SIMDCPIStack.ScalarMemInst, 0.050925925927
1708, GPU[1].SA[15].CU[2], SIMDCPIStack.Special, 0.365740740727
1709, GPU[1].SA[15].CU[2], SIMDCPIStack.VALU, 4.722222222214
1710, GPU[1].SA[15].CU[2], SIMDCPIStack.VMem, 3.643518518524
1711, GPU[1].SA[15].CU[2], SIMDCPIStack.VMemInst, 2.921296296297
1712, GPU[1].SA[15].CU[2], SIMDCPIStack.total, 9736.537037037036
1713, GPU[1].SA[15].CU[3], CPIStack.Branch, 0.294258373207
1714, GPU[1].SA[15].CU[3], CPIStack.Fetch, 2.488038277512
1715, GPU[1].SA[15].CU[3], CPIStack.Idle, 0.044258373206
1716, GPU[1].SA[15].CU[3], CPIStack.LDS, 0.147129186603
1717, GPU[1].SA[15].CU[3], CPIStack.ScalarInst, 1.130382775120
1718, GPU[1].SA[15].CU[3], CPIStack.ScalarMem, 1.703349282296
1719, GPU[1].SA[15].CU[3], CPIStack.ScalarMemInst, 0.011961722488
1720, GPU[1].SA[15].CU[3], CPIStack.Special, 0.094497607653
1721, GPU[1].SA[15].CU[3], CPIStack.VALU, 1.214114832535
1722, GPU[1].SA[15].CU[3], CPIStack.VMem, 0.997607655503
1723, GPU[1].SA[15].CU[3], CPIStack.VMemInst, 0.754784688996
1724, GPU[1].SA[15].CU[3], CPIStack.total, 2515.654306220096
1725, GPU[1].SA[15].CU[3], SIMDCPIStack.Branch, 1.138888888894
1726, GPU[1].SA[15].CU[3], SIMDCPIStack.Fetch, 9.629629629629
1727, GPU[1].SA[15].CU[3], SIMDCPIStack.Idle, 0.171296296296
1728, GPU[1].SA[15].CU[3], SIMDCPIStack.LDS, 0.569444444446
1729, GPU[1].SA[15].CU[3], SIMDCPIStack.ScalarInst, 4.375000000002
1730, GPU[1].SA[15].CU[3], SIMDCPIStack.ScalarMem, 6.592592592590
1731, GPU[1].SA[15].CU[3], SIMDCPIStack.ScalarMemInst, 0.046296296298
1732, GPU[1].SA[15].CU[3], SIMDCPIStack.Special, 0.365740740731
1733, GPU[1].SA[15].CU[3], SIMDCPIStack.VALU, 4.699074074070
1734, GPU[1].SA[15].CU[3], SIMDCPIStack.VMem, 3.861111111115
1735, GPU[1].SA[15].CU[3], SIMDCPIStack.VMemInst, 2.921296296299
1736, GPU[1].SA[15].CU[3], SIMDCPIStack.total, 9736.513888888889
1737, GPU[1].SA[0].CU[0].SIMD0, busy_time, 0.000000060000
1738, GPU[1].SA[0].CU[0].SIMD1, busy_time, 0.000000252000
1739, GPU[1].SA[0].CU[0].SIMD2, busy_time, 0.000000012000
1740, GPU[1].SA[0].CU[0].SIMD3, busy_time, 0.000000012000
1741, GPU[1].SA[0].CU[1].SIMD0, busy_time, 0.000000276000
1742, GPU[1].SA[0].CU[1].SIMD1, busy_time, 0.000000064000
1743, GPU[1].SA[0].CU[1].SIMD2, busy_time, 0.000000056000
1744, GPU[1].SA[0].CU[1].SIMD3, busy_time, 0.000000056000
1745, GPU[1].SA[0].CU[2].SIMD0, busy_time, 0.000000480000
1746, GPU[1].SA[0].CU[2].SIMD1, busy_time, 0.000000064000
1747, GPU[1].SA[0].CU[2].SIMD2, busy_time, 0.000000056000
1748, GPU[1].SA[0].CU[2].SIMD3, busy_time, 0.000000056000
1749, GPU[1].SA[0].CU[3].SIMD0, busy_time, 0.000000504000
1750, GPU[1].SA[0].CU[3].SIMD1, busy_time, 0.000000024000
1751, GPU[1].SA[0].CU[3].SIMD2, busy_time, 0.000000024000
1752, GPU[1].SA[0].CU[3].SIMD3, busy_time, 0.000000024000
1753, GPU[1].SA[1].CU[0].SIMD0, busy_time, 0.000000504000
1754, GPU[1].SA[1].CU[0].SIMD1, busy_time, 0.000000024000
1755, GPU[1].SA[1].CU[0].SIMD2, busy_time, 0.000000024000
1756, GPU[1].SA[1].CU[0].SIMD3, busy_time, 0.000000024000
1757, GPU[1].SA[1].CU[1].SIMD0, busy_time, 0.000000604000
1758, GPU[1].SA[1].CU[1].SIMD1, busy_time, 0.000000024000
1759, GPU[1].SA[1].CU[1].SIMD2, busy_time, 0.000000068000
1760, GPU[1].SA[1].CU[1].SIMD3, busy_time, 0.000000012000
1761, GPU[1].SA[1].CU[2].SIMD0, busy_time, 0.000000776000
1762, GPU[1].SA[1].CU[2].SIMD1, busy_time, 0.000000088000
1763, GPU[1].SA[1].CU[2].SIMD2, busy_time, 0.000000348000
1764, GPU[1].SA[1].CU[2].SIMD3, busy_time, 0.000000012000
1765, GPU[1].SA[1].CU[3].SIMD0, busy_time, 0.000000776000
1766, GPU[1].SA[1].CU[3].SIMD1, busy_time, 0.000000088000
1767, GPU[1].SA[1].CU[3].SIMD2, busy_time, 0.000000048000
1768, GPU[1].SA[1].CU[3].SIMD3, busy_time, 0.000000012000
1769, GPU[1].SA[2].CU[0].SIMD0, busy_time, 0.000000808000
1770, GPU[1].SA[2].CU[0].SIMD1, busy_time, 0.000000120000
1771, GPU[1].SA[2].CU[0].SIMD2, busy_time, 0.000000228000
1772, GPU[1].SA[2].CU[0].SIMD3, busy_time, 0.000000052000
1773, GPU[1].SA[2].CU[1].SIMD0, busy_time, 0.000000776000
1774, GPU[1].SA[2].CU[1].SIMD1, busy_time, 0.000000088000
1775, GPU[1].SA[2].CU[1].SIMD2, busy_time, 0.000000252000
1776, GPU[1].SA[2].CU[1].SIMD3, busy_time, 0.000000012000
1777, GPU[1].SA[2].CU[2].SIMD0, busy_time, 0.000000300000
1778, GPU[1].SA[2].CU[2].SIMD1, busy_time, 0.000000012000
1779, GPU[1].SA[2].CU[2].SIMD2, busy_time, 0.000000012000
1780, GPU[1].SA[2].CU[2].SIMD3, busy_time, 0.000000012000
1781, GPU[1].SA[2].CU[3].SIMD0, busy_time, 0.000000276000
1782, GPU[1].SA[2].CU[3].SIMD1, busy_time, 0.000000064000
1783, GPU[1].SA[2].CU[3].SIMD2, busy_time, 0.000000056000
1784, GPU[1].SA[2].CU[3].SIMD3, busy_time, 0.000000056000
1785, GPU[1].SA[3].CU[0].SIMD0, busy_time, 0.000000480000
1786, GPU[1].SA[3].CU[0].SIMD1, busy_time, 0.000000064000
1787, GPU[1].SA[3].CU[0].SIMD2, busy_time, 0.000000056000
1788, GPU[1].SA[3].CU[0].SIMD3, busy_time, 0.000000056000
1789, GPU[1].SA[3].CU[1].SIMD0, busy_time, 0.000000504000
1790, GPU[1].SA[3].CU[1].SIMD1, busy_time, 0.000000024000
1791, GPU[1].SA[3].CU[1].SIMD2, busy_time, 0.000000024000
1792, GPU[1].SA[3].CU[1].SIMD3, busy_time, 0.000000024000
1793, GPU[1].SA[3].CU[2].SIMD0, busy_time, 0.000000504000
1794, GPU[1].SA[3].CU[2].SIMD1, busy_time, 0.000000024000
1795, GPU[1].SA[3].CU[2].SIMD2, busy_time, 0.000000024000
1796, GPU[1].SA[3].CU[2].SIMD3, busy_time, 0.000000024000
1797, GPU[1].SA[3].CU[3].SIMD0, busy_time, 0.000000660000
1798, GPU[1].SA[3].CU[3].SIMD1, busy_time, 0.000000024000
1799, GPU[1].SA[3].CU[3].SIMD2, busy_time, 0.000000012000
1800, GPU[1].SA[3].CU[3].SIMD3, busy_time, 0.000000012000
1801, GPU[1].SA[4].CU[0].SIMD0, busy_time, 0.000001160000
1802, GPU[1].SA[4].CU[0].SIMD1, busy_time, 0.000000088000
1803, GPU[1].SA[4].CU[0].SIMD2, busy_time, 0.000000012000
1804, GPU[1].SA[4].CU[0].SIMD3, busy_time, 0.000000012000
1805, GPU[1].SA[4].CU[1].SIMD0, busy_time, 0.000000860000
1806, GPU[1].SA[4].CU[1].SIMD1, busy_time, 0.000000088000
1807, GPU[1].SA[4].CU[1].SIMD2, busy_time, 0.000000012000
1808, GPU[1].SA[4].CU[1].SIMD3, busy_time, 0.000000012000
1809, GPU[1].SA[4].CU[2].SIMD0, busy_time, 0.000001040000
1810, GPU[1].SA[4].CU[2].SIMD1, busy_time, 0.000000128000
1811, GPU[1].SA[4].CU[2].SIMD2, busy_time, 0.000000044000
1812, GPU[1].SA[4].CU[2].SIMD3, busy_time, 0.000000044000
1813, GPU[1].SA[4].CU[3].SIMD0, busy_time, 0.000001064000
1814, GPU[1].SA[4].CU[3].SIMD1, busy_time, 0.000000088000
1815, GPU[1].SA[4].CU[3].SIMD2, busy_time, 0.000000012000
1816, GPU[1].SA[4].CU[3].SIMD3, busy_time, 0.000000012000
1817, GPU[1].SA[5].CU[0].SIMD0, busy_time, 0.000000504000
1818, GPU[1].SA[5].CU[0].SIMD1, busy_time, 0.000000024000
1819, GPU[1].SA[5].CU[0].SIMD2, busy_time, 0.000000024000
1820, GPU[1].SA[5].CU[0].SIMD3, busy_time, 0.000000024000
1821, GPU[1].SA[5].CU[1].SIMD0, busy_time, 0.000000300000
1822, GPU[1].SA[5].CU[1].SIMD1, busy_time, 0.000000024000
1823, GPU[1].SA[5].CU[1].SIMD2, busy_time, 0.000000024000
1824, GPU[1].SA[5].CU[1].SIMD3, busy_time, 0.000000024000
1825, GPU[1].SA[5].CU[2].SIMD0, busy_time, 0.000000636000
1826, GPU[1].SA[5].CU[2].SIMD1, busy_time, 0.000000056000
1827, GPU[1].SA[5].CU[2].SIMD2, busy_time, 0.000000228000
1828, GPU[1].SA[5].CU[2].SIMD3, busy_time, 0.000000052000
1829, GPU[1].SA[5].CU[3].SIMD0, busy_time, 0.000000776000
1830, GPU[1].SA[5].CU[3].SIMD1, busy_time, 0.000000088000
1831, GPU[1].SA[5].CU[3].SIMD2, busy_time, 0.000000252000
1832, GPU[1].SA[5].CU[3].SIMD3, busy_time, 0.000000012000
1833, GPU[1].SA[6].CU[0].SIMD0, busy_time, 0.000000776000
1834, GPU[1].SA[6].CU[0].SIMD1, busy_time, 0.000000088000
1835, GPU[1].SA[6].CU[0].SIMD2, busy_time, 0.000000252000
1836, GPU[1].SA[6].CU[0].SIMD3, busy_time, 0.000000012000
1837, GPU[1].SA[6].CU[1].SIMD0, busy_time, 0.000000776000
1838, GPU[1].SA[6].CU[1].SIMD1, busy_time, 0.000000088000
1839, GPU[1].SA[6].CU[1].SIMD2, busy_time, 0.000000068000
1840, GPU[1].SA[6].CU[1].SIMD3, busy_time, 0.000000012000
1841, GPU[1].SA[6].CU[2].SIMD0, busy_time, 0.000000776000
1842, GPU[1].SA[6].CU[2].SIMD1, busy_time, 0.000000088000
1843, GPU[1].SA[6].CU[2].SIMD2, busy_time, 0.000000348000
1844, GPU[1].SA[6].CU[2].SIMD3, busy_time, 0.000000012000
1845, GPU[1].SA[6].CU[3].SIMD0, busy_time, 0.000000300000
1846, GPU[1].SA[6].CU[3].SIMD1, busy_time, 0.000000024000
1847, GPU[1].SA[6].CU[3].SIMD2, busy_time, 0.000000024000
1848, GPU[1].SA[6].CU[3].SIMD3, busy_time, 0.000000024000
1849, GPU[1].SA[7].CU[0].SIMD0, busy_time, 0.000000276000
1850, GPU[1].SA[7].CU[0].SIMD1, busy_time, 0.000000064000
1851, GPU[1].SA[7].CU[0].SIMD2, busy_time, 0.000000056000
1852, GPU[1].SA[7].CU[0].SIMD3, busy_time, 0.000000056000
1853, GPU[1].SA[7].CU[1].SIMD0, busy_time, 0.000000480000
1854, GPU[1].SA[7].CU[1].SIMD1, busy_time, 0.000000064000
1855, GPU[1].SA[7].CU[1].SIMD2, busy_time, 0.000000056000
1856, GPU[1].SA[7].CU[1].SIMD3, busy_time, 0.000000056000
1857, GPU[1].SA[7].CU[2].SIMD0, busy_time, 0.000000504000
1858, GPU[1].SA[7].CU[2].SIMD1, busy_time, 0.000000024000
1859, GPU[1].SA[7].CU[2].SIMD2, busy_time, 0.000000024000
1860, GPU[1].SA[7].CU[2].SIMD3, busy_time, 0.000000024000
1861, GPU[1].SA[7].CU[3].SIMD0, busy_time, 0.000000504000
1862, GPU[1].SA[7].CU[3].SIMD1, busy_time, 0.000000024000
1863, GPU[1].SA[7].CU[3].SIMD2, busy_time, 0.000000024000
1864, GPU[1].SA[7].CU[3].SIMD3, busy_time, 0.000000024000
1865, GPU[1].SA[8].CU[0].SIMD0, busy_time, 0.000000660000
1866, GPU[1].SA[8].CU[0].SIMD1, busy_time, 0.000000024000
1867, GPU[1].SA[8].CU[0].SIMD2, busy_time, 0.000000012000
1868, GPU[1].SA[8].CU[0].SIMD3, busy_time, 0.000000012000
1869, GPU[1].SA[8].CU[1].SIMD0, busy_time, 0.000001160000
1870, GPU[1].SA[8].CU[1].SIMD1, busy_time, 0.000000088000
1871, GPU[1].SA[8].CU[1].SIMD2, busy_time, 0.000000012000
1872, GPU[1].SA[8].CU[1].SIMD3, busy_time, 0.000000012000
1873, GPU[1].SA[8].CU[2].SIMD0, busy_time, 0.000000860000
1874, GPU[1].SA[8].CU[2].SIMD1, busy_time, 0.000000088000
1875, GPU[1].SA[8].CU[2].SIMD2, busy_time, 0.000000012000
1876, GPU[1].SA[8].CU[2].SIMD3, busy_time, 0.000000012000
1877, GPU[1].SA[8].CU[3].SIMD0, busy_time, 0.000001040000
1878, GPU[1].SA[8].CU[3].SIMD1, busy_time, 0.000000128000
1879, GPU[1].SA[8].CU[3].SIMD2, busy_time, 0.000000044000
1880, GPU[1].SA[8].CU[3].SIMD3, busy_time, 0.000000044000
1881, GPU[1].SA[9].CU[0].SIMD0, busy_time, 0.000001064000
1882, GPU[1].SA[9].CU[0].SIMD1, busy_time, 0.000000088000
1883, GPU[1].SA[9].CU[0].SIMD2, busy_time, 0.000000012000
1884, GPU[1].SA[9].CU[0].SIMD3, busy_time, 0.000000012000
1885, GPU[1].SA[9].CU[1].SIMD0, busy_time, 0.000000060000
1886, GPU[1].SA[9].CU[1].SIMD1, busy_time, 0.000000252000
1887, GPU[1].SA[9].CU[1].SIMD2, busy_time, 0.000000012000
1888, GPU[1].SA[9].CU[1].SIMD3, busy_time, 0.000000012000
1889, GPU[1].SA[9].CU[2].SIMD0, busy_time, 0.000000276000
1890, GPU[1].SA[9].CU[2].SIMD1, busy_time, 0.000000064000
1891, GPU[1].SA[9].CU[2].SIMD2, busy_time, 0.000000056000
1892, GPU[1].SA[9].CU[2].SIMD3, busy_time, 0.000000056000
1893, GPU[1].SA[9].CU[3].SIMD0, busy_time, 0.000000480000
1894, GPU[1].SA[9].CU[3].SIMD1, busy_time, 0.000000064000
1895, GPU[1].SA[9].CU[3].SIMD2, busy_time, 0.000000056000
1896, GPU[1].SA[9].CU[3].SIMD3, busy_time, 0.000000056000
1897, GPU[1].SA[10].CU[0].SIMD0, busy_time, 0.000000504000
1898, GPU[1].SA[10].CU[0].SIMD1, busy_time, 0.000000024000
1899, GPU[1].SA[10].CU[0].SIMD2, busy_time, 0.000000024000
1900, GPU[1].SA[10].CU[0].SIMD3, busy_time, 0.000000024000
1901, GPU[1].SA[10].CU[1].SIMD0, busy_time, 0.000000504000
1902, GPU[1].SA[10].CU[1].SIMD1, busy_time, 0.000000024000
1903, GPU[1].SA[10].CU[1].SIMD2, busy_time, 0.000000024000
1904, GPU[1].SA[10].CU[1].SIMD3, busy_time, 0.000000024000
1905, GPU[1].SA[10].CU[2].SIMD0, busy_time, 0.000000604000
1906, GPU[1].SA[10].CU[2].SIMD1, busy_time, 0.000000024000
1907, GPU[1].SA[10].CU[2].SIMD2, busy_time, 0.000000068000
1908, GPU[1].SA[10].CU[2].SIMD3, busy_time, 0.000000012000
1909, GPU[1].SA[10].CU[3].SIMD0, busy_time, 0.000000800000
1910, GPU[1].SA[10].CU[3].SIMD1, busy_time, 0.000000088000
1911, GPU[1].SA[10].CU[3].SIMD2, busy_time, 0.000000348000
1912, GPU[1].SA[10].CU[3].SIMD3, busy_time, 0.000000012000
1913, GPU[1].SA[11].CU[0].SIMD0, busy_time, 0.000000800000
1914, GPU[1].SA[11].CU[0].SIMD1, busy_time, 0.000000088000
1915, GPU[1].SA[11].CU[0].SIMD2, busy_time, 0.000000048000
1916, GPU[1].SA[11].CU[0].SIMD3, busy_time, 0.000000012000
1917, GPU[1].SA[11].CU[1].SIMD0, busy_time, 0.000000832000
1918, GPU[1].SA[11].CU[1].SIMD1, busy_time, 0.000000120000
1919, GPU[1].SA[11].CU[1].SIMD2, busy_time, 0.000000228000
1920, GPU[1].SA[11].CU[1].SIMD3, busy_time, 0.000000052000
1921, GPU[1].SA[11].CU[2].SIMD0, busy_time, 0.000000800000
1922, GPU[1].SA[11].CU[2].SIMD1, busy_time, 0.000000088000
1923, GPU[1].SA[11].CU[2].SIMD2, busy_time, 0.000000252000
1924, GPU[1].SA[11].CU[2].SIMD3, busy_time, 0.000000012000
1925, GPU[1].SA[11].CU[3].SIMD0, busy_time, 0.000000252000
1926, GPU[1].SA[11].CU[3].SIMD1, busy_time, 0.000000012000
1927, GPU[1].SA[11].CU[3].SIMD2, busy_time, 0.000000012000
1928, GPU[1].SA[11].CU[3].SIMD3, busy_time, 0.000000012000
1929, GPU[1].SA[12].CU[0].SIMD0, busy_time, 0.000000048000
1930, GPU[1].SA[12].CU[0].SIMD1, busy_time, 0.000000012000
1931, GPU[1].SA[12].CU[0].SIMD2, busy_time, 0.000000012000
1932, GPU[1].SA[12].CU[0].SIMD3, busy_time, 0.000000012000
1933, GPU[1].SA[12].CU[1].SIMD0, busy_time, 0.000000228000
1934, GPU[1].SA[12].CU[1].SIMD1, busy_time, 0.000000052000
1935, GPU[1].SA[12].CU[1].SIMD2, busy_time, 0.000000044000
1936, GPU[1].SA[12].CU[1].SIMD3, busy_time, 0.000000044000
1937, GPU[1].SA[12].CU[2].SIMD0, busy_time, 0.000000252000
1938, GPU[1].SA[12].CU[2].SIMD1, busy_time, 0.000000012000
1939, GPU[1].SA[12].CU[2].SIMD2, busy_time, 0.000000012000
1940, GPU[1].SA[12].CU[2].SIMD3, busy_time, 0.000000012000
1941, GPU[1].SA[12].CU[3].SIMD0, busy_time, 0.000000252000
1942, GPU[1].SA[12].CU[3].SIMD1, busy_time, 0.000000012000
1943, GPU[1].SA[12].CU[3].SIMD2, busy_time, 0.000000012000
1944, GPU[1].SA[12].CU[3].SIMD3, busy_time, 0.000000012000
1945, GPU[1].SA[13].CU[0].SIMD0, busy_time, 0.000000068000
1946, GPU[1].SA[13].CU[0].SIMD1, busy_time, 0.000000012000
1947, GPU[1].SA[13].CU[0].SIMD2, busy_time, 0.000000012000
1948, GPU[1].SA[13].CU[0].SIMD3, busy_time, 0.000000012000
1949, GPU[1].SA[13].CU[1].SIMD0, busy_time, 0.000000348000
1950, GPU[1].SA[13].CU[1].SIMD1, busy_time, 0.000000012000
1951, GPU[1].SA[13].CU[1].SIMD2, busy_time, 0.000000012000
1952, GPU[1].SA[13].CU[1].SIMD3, busy_time, 0.000000012000
1953, GPU[1].SA[13].CU[2].SIMD0, busy_time, 0.000000048000
1954, GPU[1].SA[13].CU[2].SIMD1, busy_time, 0.000000012000
1955, GPU[1].SA[13].CU[2].SIMD2, busy_time, 0.000000012000
1956, GPU[1].SA[13].CU[2].SIMD3, busy_time, 0.000000012000
1957, GPU[1].SA[13].CU[3].SIMD0, busy_time, 0.000000228000
1958, GPU[1].SA[13].CU[3].SIMD1, busy_time, 0.000000052000
1959, GPU[1].SA[13].CU[3].SIMD2, busy_time, 0.000000044000
1960, GPU[1].SA[13].CU[3].SIMD3, busy_time, 0.000000044000
1961, GPU[1].SA[14].CU[0].SIMD0, busy_time, 0.000000252000
1962, GPU[1].SA[14].CU[0].SIMD1, busy_time, 0.000000012000
1963, GPU[1].SA[14].CU[0].SIMD2, busy_time, 0.000000012000
1964, GPU[1].SA[14].CU[0].SIMD3, busy_time, 0.000000012000
1965, GPU[1].SA[14].CU[1].SIMD0, busy_time, 0.000000252000
1966, GPU[1].SA[14].CU[1].SIMD1, busy_time, 0.000000012000
1967, GPU[1].SA[14].CU[1].SIMD2, busy_time, 0.000000012000
1968, GPU[1].SA[14].CU[1].SIMD3, busy_time, 0.000000012000
1969, GPU[1].SA[14].CU[2].SIMD0, busy_time, 0.000000252000
1970, GPU[1].SA[14].CU[2].SIMD1, busy_time, 0.000000012000
1971, GPU[1].SA[14].CU[2].SIMD2, busy_time, 0.000000012000
1972, GPU[1].SA[14].CU[2].SIMD3, busy_time, 0.000000012000
1973, GPU[1].SA[14].CU[3].SIMD0, busy_time, 0.000000592000
1974, GPU[1].SA[14].CU[3].SIMD1, busy_time, 0.000000012000
1975, GPU[1].SA[14].CU[3].SIMD2, busy_time, 0.000000000000
1976, GPU[1].SA[14].CU[3].SIMD3, busy_time, 0.000000000000
1977, GPU[1].SA[15].CU[0].SIMD0, busy_time, 0.000000788000
1978, GPU[1].SA[15].CU[0].SIMD1, busy_time, 0.000000076000
1979, GPU[1].SA[15].CU[0].SIMD2, busy_time, 0.000000000000
1980, GPU[1].SA[15].CU[0].SIMD3, busy_time, 0.000000000000
1981, GPU[1].SA[15].CU[1].SIMD0, busy_time, 0.000000788000
1982, GPU[1].SA[15].CU[1].SIMD1, busy_time, 0.000000076000
1983, GPU[1].SA[15].CU[1].SIMD2, busy_time, 0.000000000000
1984, GPU[1].SA[15].CU[1].SIMD3, busy_time, 0.000000000000
1985, GPU[1].SA[15].CU[2].SIMD0, busy_time, 0.000000788000
1986, GPU[1].SA[15].CU[2].SIMD1, busy_time, 0.000000076000
1987, GPU[1].SA[15].CU[2].SIMD2, busy_time, 0.000000000000
1988, GPU[1].SA[15].CU[2].SIMD3, busy_time, 0.000000000000
1989, GPU[1].SA[15].CU[3].SIMD0, busy_time, 0.000000788000
1990, GPU[1].SA[15].CU[3].SIMD1, busy_time, 0.000000076000
1991, GPU[1].SA[15].CU[3].SIMD2, busy_time, 0.000000000000
1992, GPU[1].SA[15].CU[3].SIMD3, busy_time, 0.000000000000
1993, GPU[1].SA[0].L1ICache, req_average_latency, 0.000000029499
1994, GPU[1].SA[1].L1ICache, req_average_latency, 0.000000028731
1995, GPU[1].SA[2].L1ICache, req_average_latency, 0.000000021215
1996, GPU[1].SA[3].L1ICache, req_average_latency, 0.000000036373
1997, GPU[1].SA[4].L1ICache, req_average_latency, 0.000000017454
1998, GPU[1].SA[5].L1ICache, req_average_latency, 0.000000029360
1999, GPU[1].SA[6].L1ICache, req_average_latency, 0.000000023665
2000, GPU[1].SA[7].L1ICache, req_average_latency, 0.000000029873
2001, GPU[1].SA[8].L1ICache, req_average_latency, 0.000000021307
2002, GPU[1].SA[9].L1ICache, req_average_latency, 0.000000024562
2003, GPU[1].SA[10].L1ICache, req_average_latency, 0.000000033532
2004, GPU[1].SA[11].L1ICache, req_average_latency, 0.000000019656
2005, GPU[1].SA[12].L1ICache, req_average_latency, 0.000000031457
2006, GPU[1].SA[13].L1ICache, req_average_latency, 0.000000033261
2007, GPU[1].SA[14].L1ICache, req_average_latency, 0.000000044347
2008, GPU[1].SA[15].L1ICache, req_average_latency, 0.000000013352
2009, GPU[1].SA[0].L1SCache, req_average_latency, 0.000000035000
2010, GPU[1].SA[1].L1SCache, req_average_latency, 0.000000034406
2011, GPU[1].SA[2].L1SCache, req_average_latency, 0.000000040296
2012, GPU[1].SA[3].L1SCache, req_average_latency, 0.000000032230
2013, GPU[1].SA[4].L1SCache, req_average_latency, 0.000000031568
2014, GPU[1].SA[5].L1SCache, req_average_latency, 0.000000034166
2015, GPU[1].SA[6].L1SCache, req_average_latency, 0.000000031775
2016, GPU[1].SA[7].L1SCache, req_average_latency, 0.000000033477
2017, GPU[1].SA[8].L1SCache, req_average_latency, 0.000000038258
2018, GPU[1].SA[9].L1SCache, req_average_latency, 0.000000037379
2019, GPU[1].SA[10].L1SCache, req_average_latency, 0.000000030000
2020, GPU[1].SA[11].L1SCache, req_average_latency, 0.000000035270
2021, GPU[1].SA[12].L1SCache, req_average_latency, 0.000000036078
2022, GPU[1].SA[13].L1SCache, req_average_latency, 0.000000039494
2023, GPU[1].SA[14].L1SCache, req_average_latency, 0.000000028660
2024, GPU[1].SA[15].L1SCache, req_average_latency, 0.000000027000
2025, GPU[1].SA[0].L1VCache[0], req_average_latency, 0.000000065664
2026, GPU[1].SA[0].L1VCache[1], req_average_latency, 0.000000031286
2027, GPU[1].SA[0].L1VCache[2], req_average_latency, 0.000000065517
2028, GPU[1].SA[0].L1VCache[3], req_average_latency, 0.000000065858
2029, GPU[1].SA[1].L1VCache[0], req_average_latency, 0.000000065858
2030, GPU[1].SA[1].L1VCache[1], req_average_latency, 0.000000019000
2031, GPU[1].SA[1].L1VCache[2], req_average_latency, 0.000000064162
2032, GPU[1].SA[1].L1VCache[3], req_average_latency, 0.000000042850
2033, GPU[1].SA[2].L1VCache[0], req_average_latency, 0.000000048619
2034, GPU[1].SA[2].L1VCache[1], req_average_latency, 0.000000065175
2035, GPU[1].SA[2].L1VCache[2], req_average_latency, 0.000000065699
2036, GPU[1].SA[2].L1VCache[3], req_average_latency, 0.000000031143
2037, GPU[1].SA[3].L1VCache[0], req_average_latency, 0.000000065483
2038, GPU[1].SA[3].L1VCache[1], req_average_latency, 0.000000065959
2039, GPU[1].SA[3].L1VCache[2], req_average_latency, 0.000000065959
2040, GPU[1].SA[3].L1VCache[3], req_average_latency, 0.000000019000
2041, GPU[1].SA[4].L1VCache[0], req_average_latency, 0.000000064159
2042, GPU[1].SA[4].L1VCache[1], req_average_latency, 0.000000047357
2043, GPU[1].SA[4].L1VCache[2], req_average_latency, 0.000000050517
2044, GPU[1].SA[4].L1VCache[3], req_average_latency, 0.000000064691
2045, GPU[1].SA[5].L1VCache[0], req_average_latency, 0.000000065920
2046, GPU[1].SA[5].L1VCache[1], req_average_latency, 0.000000064947
2047, GPU[1].SA[5].L1VCache[2], req_average_latency, 0.000000029625
2048, GPU[1].SA[5].L1VCache[3], req_average_latency, 0.000000064970
2049, GPU[1].SA[6].L1VCache[0], req_average_latency, 0.000000065089
2050, GPU[1].SA[6].L1VCache[1], req_average_latency, 0.000000039609
2051, GPU[1].SA[6].L1VCache[2], req_average_latency, 0.000000064244
2052, GPU[1].SA[6].L1VCache[3], req_average_latency, 0.000000065331
2053, GPU[1].SA[7].L1VCache[0], req_average_latency, 0.000000031143
2054, GPU[1].SA[7].L1VCache[1], req_average_latency, 0.000000065479
2055, GPU[1].SA[7].L1VCache[2], req_average_latency, 0.000000065852
2056, GPU[1].SA[7].L1VCache[3], req_average_latency, 0.000000065852
2057, GPU[1].SA[8].L1VCache[0], req_average_latency, 0.000000019000
2058, GPU[1].SA[8].L1VCache[1], req_average_latency, 0.000000064073
2059, GPU[1].SA[8].L1VCache[2], req_average_latency, 0.000000045929
2060, GPU[1].SA[8].L1VCache[3], req_average_latency, 0.000000047966
2061, GPU[1].SA[9].L1VCache[0], req_average_latency, 0.000000064989
2062, GPU[1].SA[9].L1VCache[1], req_average_latency, 0.000000065660
2063, GPU[1].SA[9].L1VCache[2], req_average_latency, 0.000000031143
2064, GPU[1].SA[9].L1VCache[3], req_average_latency, 0.000000065479
2065, GPU[1].SA[10].L1VCache[0], req_average_latency, 0.000000065852
2066, GPU[1].SA[10].L1VCache[1], req_average_latency, 0.000000065852
2067, GPU[1].SA[10].L1VCache[2], req_average_latency, 0.000000019000
2068, GPU[1].SA[10].L1VCache[3], req_average_latency, 0.000000064168
2069, GPU[1].SA[11].L1VCache[0], req_average_latency, 0.000000045455
2070, GPU[1].SA[11].L1VCache[1], req_average_latency, 0.000000050565
2071, GPU[1].SA[11].L1VCache[2], req_average_latency, 0.000000065152
2072, GPU[1].SA[11].L1VCache[3], req_average_latency, 0.000000065872
2073, GPU[1].SA[12].L1VCache[0], req_average_latency, 0.000000019000
2074, GPU[1].SA[12].L1VCache[1], req_average_latency, 0.000000040250
2075, GPU[1].SA[12].L1VCache[2], req_average_latency, 0.000000065902
2076, GPU[1].SA[12].L1VCache[3], req_average_latency, 0.000000065902
2077, GPU[1].SA[13].L1VCache[0], req_average_latency, 0.000000019000
2078, GPU[1].SA[13].L1VCache[1], req_average_latency, 0.000000064974
2079, GPU[1].SA[13].L1VCache[2], req_average_latency, 0.000000019000
2080, GPU[1].SA[13].L1VCache[3], req_average_latency, 0.000000040250
2081, GPU[1].SA[14].L1VCache[0], req_average_latency, 0.000000065872
2082, GPU[1].SA[14].L1VCache[1], req_average_latency, 0.000000066016
2083, GPU[1].SA[14].L1VCache[2], req_average_latency, 0.000000066016
2084, GPU[1].SA[14].L1VCache[3], req_average_latency, 0.000000019000
2085, GPU[1].SA[15].L1VCache[0], req_average_latency, 0.000000045632
2086, GPU[1].SA[15].L1VCache[1], req_average_latency, 0.000000047526
2087, GPU[1].SA[15].L1VCache[2], req_average_latency, 0.000000047526
2088, GPU[1].SA[15].L1VCache[3], req_average_latency, 0.000000050000
2089, GPU[1].L2[0], req_average_latency, 0.000000035910
2090, GPU[1].L2[1], req_average_latency, 0.000000064145
2091, GPU[1].L2[2], req_average_latency, 0.000000053304
2092, GPU[1].L2[3], req_average_latency, 0.000000057489
2093, GPU[1].L2[4], req_average_latency, 0.000000056900
2094, GPU[1].L2[5], req_average_latency, 0.000000059888
2095, GPU[1].L2[6], req_average_latency, 0.000000063109
2096, GPU[1].L2[7], req_average_latency, 0.000000063308
2097, GPU[1].L2[8], req_average_latency, 0.000000058215
2098, GPU[1].L2[9], req_average_latency, 0.000000062423
2099, GPU[1].L2[10], req_average_latency, 0.000000060127
2100, GPU[1].L2[11], req_average_latency, 0.000000060200
2101, GPU[1].L2[12], req_average_latency, 0.000000064169
2102, GPU[1].L2[13], req_average_latency, 0.000000061932
2103, GPU[1].L2[14], req_average_latency, 0.000000060559
2104, GPU[1].L2[15], req_average_latency, 0.000000062268
2105, GPU[1].SA[0].L1VCache[0], read-hit, 240.000000000000
2106, GPU[1].SA[0].L1VCache[0], read-miss, 17.000000000000
2107, GPU[1].SA[0].L1VCache[0], read-mshr-hit, 0.000000000000
2108, GPU[1].SA[0].L1VCache[0], write-hit, 0.000000000000
2109, GPU[1].SA[0].L1VCache[0], write-miss, 2.000000000000
2110, GPU[1].SA[0].L1VCache[0], write-mshr-hit, 0.000000000000
2111, GPU[1].SA[0].L1VCache[1], read-hit, 1.000000000000
2112, GPU[1].SA[0].L1VCache[1], read-miss, 4.000000000000
2113, GPU[1].SA[0].L1VCache[1], read-mshr-hit, 0.000000000000
2114, GPU[1].SA[0].L1VCache[1], write-hit, 1.000000000000
2115, GPU[1].SA[0].L1VCache[1], write-miss, 1.000000000000
2116, GPU[1].SA[0].L1VCache[1], write-mshr-hit, 0.000000000000
2117, GPU[1].SA[0].L1VCache[2], read-hit, 241.000000000000
2118, GPU[1].SA[0].L1VCache[2], read-miss, 18.000000000000
2119, GPU[1].SA[0].L1VCache[2], read-mshr-hit, 0.000000000000
2120, GPU[1].SA[0].L1VCache[2], write-hit, 0.000000000000
2121, GPU[1].SA[0].L1VCache[2], write-miss, 2.000000000000
2122, GPU[1].SA[0].L1VCache[2], write-mshr-hit, 0.000000000000
2123, GPU[1].SA[0].L1VCache[3], read-hit, 480.000000000000
2124, GPU[1].SA[0].L1VCache[3], read-miss, 32.000000000000
2125, GPU[1].SA[0].L1VCache[3], read-mshr-hit, 0.000000000000
2126, GPU[1].SA[0].L1VCache[3], write-hit, 0.000000000000
2127, GPU[1].SA[0].L1VCache[3], write-miss, 3.000000000000
2128, GPU[1].SA[0].L1VCache[3], write-mshr-hit, 0.000000000000
2129, GPU[1].SA[1].L1VCache[0], read-hit, 480.000000000000
2130, GPU[1].SA[1].L1VCache[0], read-miss, 32.000000000000
2131, GPU[1].SA[1].L1VCache[0], read-mshr-hit, 0.000000000000
2132, GPU[1].SA[1].L1VCache[0], write-hit, 0.000000000000
2133, GPU[1].SA[1].L1VCache[0], write-miss, 3.000000000000
2134, GPU[1].SA[1].L1VCache[0], write-mshr-hit, 0.000000000000
2135, GPU[1].SA[1].L1VCache[1], read-hit, 0.000000000000
2136, GPU[1].SA[1].L1VCache[1], read-miss, 6.000000000000
2137, GPU[1].SA[1].L1VCache[1], read-mshr-hit, 0.000000000000
2138, GPU[1].SA[1].L1VCache[1], write-hit, 4.000000000000
2139, GPU[1].SA[1].L1VCache[1], write-miss, 0.000000000000
2140, GPU[1].SA[1].L1VCache[1], write-mshr-hit, 0.000000000000
2141, GPU[1].SA[1].L1VCache[2], read-hit, 369.000000000000
2142, GPU[1].SA[1].L1VCache[2], read-miss, 28.000000000000
2143, GPU[1].SA[1].L1VCache[2], read-mshr-hit, 0.000000000000
2144, GPU[1].SA[1].L1VCache[2], write-hit, 2.000000000000
2145, GPU[1].SA[1].L1VCache[2], write-miss, 3.000000000000
2146, GPU[1].SA[1].L1VCache[2], write-mshr-hit, 0.000000000000
2147, GPU[1].SA[1].L1VCache[3], read-hit, 9.000000000000
2148, GPU[1].SA[1].L1VCache[3], read-miss, 6.000000000000
2149, GPU[1].SA[1].L1VCache[3], read-mshr-hit, 0.000000000000
2150, GPU[1].SA[1].L1VCache[3], write-hit, 3.000000000000
2151, GPU[1].SA[1].L1VCache[3], write-miss, 2.000000000000
2152, GPU[1].SA[1].L1VCache[3], write-mshr-hit, 0.000000000000
2153, GPU[1].SA[2].L1VCache[0], read-hit, 10.000000000000
2154, GPU[1].SA[2].L1VCache[0], read-miss, 6.000000000000
2155, GPU[1].SA[2].L1VCache[0], read-mshr-hit, 0.000000000000
2156, GPU[1].SA[2].L1VCache[0], write-hit, 3.000000000000
2157, GPU[1].SA[2].L1VCache[0], write-miss, 2.000000000000
2158, GPU[1].SA[2].L1VCache[0], write-mshr-hit, 0.000000000000
2159, GPU[1].SA[2].L1VCache[1], read-hit, 489.000000000000
2160, GPU[1].SA[2].L1VCache[1], read-miss, 36.000000000000
2161, GPU[1].SA[2].L1VCache[1], read-mshr-hit, 0.000000000000
2162, GPU[1].SA[2].L1VCache[1], write-hit, 2.000000000000
2163, GPU[1].SA[2].L1VCache[1], write-miss, 4.000000000000
2164, GPU[1].SA[2].L1VCache[1], write-mshr-hit, 0.000000000000
2165, GPU[1].SA[2].L1VCache[2], read-hit, 240.000000000000
2166, GPU[1].SA[2].L1VCache[2], read-miss, 17.000000000000
2167, GPU[1].SA[2].L1VCache[2], read-mshr-hit, 0.000000000000
2168, GPU[1].SA[2].L1VCache[2], write-hit, 0.000000000000
2169, GPU[1].SA[2].L1VCache[2], write-miss, 2.000000000000
2170, GPU[1].SA[2].L1VCache[2], write-mshr-hit, 0.000000000000
2171, GPU[1].SA[2].L1VCache[3], read-hit, 1.000000000000
2172, GPU[1].SA[2].L1VCache[3], read-miss, 4.000000000000
2173, GPU[1].SA[2].L1VCache[3], read-mshr-hit, 0.000000000000
2174, GPU[1].SA[2].L1VCache[3], write-hit, 1.000000000000
2175, GPU[1].SA[2].L1VCache[3], write-miss, 1.000000000000
2176, GPU[1].SA[2].L1VCache[3], write-mshr-hit, 0.000000000000
2177, GPU[1].SA[3].L1VCache[0], read-hit, 241.000000000000
2178, GPU[1].SA[3].L1VCache[0], read-miss, 18.000000000000
2179, GPU[1].SA[3].L1VCache[0], read-mshr-hit, 0.000000000000
2180, GPU[1].SA[3].L1VCache[0], write-hit, 0.000000000000
2181, GPU[1].SA[3].L1VCache[0], write-miss, 2.000000000000
2182, GPU[1].SA[3].L1VCache[0], write-mshr-hit, 0.000000000000
2183, GPU[1].SA[3].L1VCache[1], read-hit, 480.000000000000
2184, GPU[1].SA[3].L1VCache[1], read-miss, 32.000000000000
2185, GPU[1].SA[3].L1VCache[1], read-mshr-hit, 0.000000000000
2186, GPU[1].SA[3].L1VCache[1], write-hit, 0.000000000000
2187, GPU[1].SA[3].L1VCache[1], write-miss, 3.000000000000
2188, GPU[1].SA[3].L1VCache[1], write-mshr-hit, 0.000000000000
2189, GPU[1].SA[3].L1VCache[2], read-hit, 480.000000000000
2190, GPU[1].SA[3].L1VCache[2], read-miss, 32.000000000000
2191, GPU[1].SA[3].L1VCache[2], read-mshr-hit, 0.000000000000
2192, GPU[1].SA[3].L1VCache[2], write-hit, 0.000000000000
2193, GPU[1].SA[3].L1VCache[2], write-miss, 3.000000000000
2194, GPU[1].SA[3].L1VCache[2], write-mshr-hit, 0.000000000000
2195, GPU[1].SA[3].L1VCache[3], read-hit, 0.000000000000
2196, GPU[1].SA[3].L1VCache[3], read-miss, 6.000000000000
2197, GPU[1].SA[3].L1VCache[3], read-mshr-hit, 0.000000000000
2198, GPU[1].SA[3].L1VCache[3], write-hit, 4.000000000000
2199, GPU[1].SA[3].L1VCache[3], write-miss, 0.000000000000
2200, GPU[1].SA[3].L1VCache[3], write-mshr-hit, 0.000000000000
2201, GPU[1].SA[4].L1VCache[0], read-hit, 375.000000000000
2202, GPU[1].SA[4].L1VCache[0], read-miss, 30.000000000000
2203, GPU[1].SA[4].L1VCache[0], read-mshr-hit, 0.000000000000
2204, GPU[1].SA[4].L1VCache[0], write-hit, 2.000000000000
2205, GPU[1].SA[4].L1VCache[0], write-miss, 3.000000000000
2206, GPU[1].SA[4].L1VCache[0], write-mshr-hit, 0.000000000000
2207, GPU[1].SA[4].L1VCache[1], read-hit, 15.000000000000
2208, GPU[1].SA[4].L1VCache[1], read-miss, 8.000000000000
2209, GPU[1].SA[4].L1VCache[1], read-mshr-hit, 0.000000000000
2210, GPU[1].SA[4].L1VCache[1], write-hit, 3.000000000000
2211, GPU[1].SA[4].L1VCache[1], write-miss, 2.000000000000
2212, GPU[1].SA[4].L1VCache[1], write-mshr-hit, 0.000000000000
2213, GPU[1].SA[4].L1VCache[2], read-hit, 16.000000000000
2214, GPU[1].SA[4].L1VCache[2], read-miss, 8.000000000000
2215, GPU[1].SA[4].L1VCache[2], read-mshr-hit, 0.000000000000
2216, GPU[1].SA[4].L1VCache[2], write-hit, 2.000000000000
2217, GPU[1].SA[4].L1VCache[2], write-miss, 3.000000000000
2218, GPU[1].SA[4].L1VCache[2], write-mshr-hit, 0.000000000000
2219, GPU[1].SA[4].L1VCache[3], read-hit, 255.000000000000
2220, GPU[1].SA[4].L1VCache[3], read-miss, 22.000000000000
2221, GPU[1].SA[4].L1VCache[3], read-mshr-hit, 0.000000000000
2222, GPU[1].SA[4].L1VCache[3], write-hit, 2.000000000000
2223, GPU[1].SA[4].L1VCache[3], write-miss, 3.000000000000
2224, GPU[1].SA[4].L1VCache[3], write-mshr-hit, 0.000000000000
2225, GPU[1].SA[5].L1VCache[0], read-hit, 360.000000000000
2226, GPU[1].SA[5].L1VCache[0], read-miss, 24.000000000000
2227, GPU[1].SA[5].L1VCache[0], read-mshr-hit, 0.000000000000
2228, GPU[1].SA[5].L1VCache[0], write-hit, 0.000000000000
2229, GPU[1].SA[5].L1VCache[0], write-miss, 2.000000000000
2230, GPU[1].SA[5].L1VCache[0], write-mshr-hit, 0.000000000000
2231, GPU[1].SA[5].L1VCache[1], read-hit, 120.000000000000
2232, GPU[1].SA[5].L1VCache[1], read-miss, 10.000000000000
2233, GPU[1].SA[5].L1VCache[1], read-mshr-hit, 0.000000000000
2234, GPU[1].SA[5].L1VCache[1], write-hit, 1.000000000000
2235, GPU[1].SA[5].L1VCache[1], write-miss, 1.000000000000
2236, GPU[1].SA[5].L1VCache[1], write-mshr-hit, 0.000000000000
2237, GPU[1].SA[5].L1VCache[2], read-hit, 1.000000000000
2238, GPU[1].SA[5].L1VCache[2], read-miss, 4.000000000000
2239, GPU[1].SA[5].L1VCache[2], read-mshr-hit, 0.000000000000
2240, GPU[1].SA[5].L1VCache[2], write-hit, 2.000000000000
2241, GPU[1].SA[5].L1VCache[2], write-miss, 1.000000000000
2242, GPU[1].SA[5].L1VCache[2], write-mshr-hit, 0.000000000000
2243, GPU[1].SA[5].L1VCache[3], read-hit, 369.000000000000
2244, GPU[1].SA[5].L1VCache[3], read-miss, 28.000000000000
2245, GPU[1].SA[5].L1VCache[3], read-mshr-hit, 0.000000000000
2246, GPU[1].SA[5].L1VCache[3], write-hit, 2.000000000000
2247, GPU[1].SA[5].L1VCache[3], write-miss, 4.000000000000
2248, GPU[1].SA[5].L1VCache[3], write-mshr-hit, 0.000000000000
2249, GPU[1].SA[6].L1VCache[0], read-hit, 369.000000000000
2250, GPU[1].SA[6].L1VCache[0], read-miss, 28.000000000000
2251, GPU[1].SA[6].L1VCache[0], read-mshr-hit, 0.000000000000
2252, GPU[1].SA[6].L1VCache[0], write-hit, 2.000000000000
2253, GPU[1].SA[6].L1VCache[0], write-miss, 4.000000000000
2254, GPU[1].SA[6].L1VCache[0], write-mshr-hit, 0.000000000000
2255, GPU[1].SA[6].L1VCache[1], read-hit, 9.000000000000
2256, GPU[1].SA[6].L1VCache[1], read-miss, 8.000000000000
2257, GPU[1].SA[6].L1VCache[1], read-mshr-hit, 0.000000000000
2258, GPU[1].SA[6].L1VCache[1], write-hit, 4.000000000000
2259, GPU[1].SA[6].L1VCache[1], write-miss, 2.000000000000
2260, GPU[1].SA[6].L1VCache[1], write-mshr-hit, 0.000000000000
2261, GPU[1].SA[6].L1VCache[2], read-hit, 369.000000000000
2262, GPU[1].SA[6].L1VCache[2], read-miss, 28.000000000000
2263, GPU[1].SA[6].L1VCache[2], read-mshr-hit, 0.000000000000
2264, GPU[1].SA[6].L1VCache[2], write-hit, 2.000000000000
2265, GPU[1].SA[6].L1VCache[2], write-miss, 3.000000000000
2266, GPU[1].SA[6].L1VCache[2], write-mshr-hit, 0.000000000000
2267, GPU[1].SA[6].L1VCache[3], read-hit, 240.000000000000
2268, GPU[1].SA[6].L1VCache[3], read-miss, 18.000000000000
2269, GPU[1].SA[6].L1VCache[3], read-mshr-hit, 0.000000000000
2270, GPU[1].SA[6].L1VCache[3], write-hit, 1.000000000000
2271, GPU[1].SA[6].L1VCache[3], write-miss, 1.000000000000
2272, GPU[1].SA[6].L1VCache[3], write-mshr-hit, 0.000000000000
2273, GPU[1].SA[7].L1VCache[0], read-hit, 1.000000000000
2274, GPU[1].SA[7].L1VCache[0], read-miss, 4.000000000000
2275, GPU[1].SA[7].L1VCache[0], read-mshr-hit, 0.000000000000
2276, GPU[1].SA[7].L1VCache[0], write-hit, 1.000000000000
2277, GPU[1].SA[7].L1VCache[0], write-miss, 1.000000000000
2278, GPU[1].SA[7].L1VCache[0], write-mshr-hit, 0.000000000000
2279, GPU[1].SA[7].L1VCache[1], read-hit, 241.000000000000
2280, GPU[1].SA[7].L1VCache[1], read-miss, 18.000000000000
2281, GPU[1].SA[7].L1VCache[1], read-mshr-hit, 0.000000000000
2282, GPU[1].SA[7].L1VCache[1], write-hit, 0.000000000000
2283, GPU[1].SA[7].L1VCache[1], write-miss, 2.000000000000
2284, GPU[1].SA[7].L1VCache[1], write-mshr-hit, 0.000000000000
2285, GPU[1].SA[7].L1VCache[2], read-hit, 480.000000000000
2286, GPU[1].SA[7].L1VCache[2], read-miss, 32.000000000000
2287, GPU[1].SA[7].L1VCache[2], read-mshr-hit, 0.000000000000
2288, GPU[1].SA[7].L1VCache[2], write-hit, 0.000000000000
2289, GPU[1].SA[7].L1VCache[2], write-miss, 3.000000000000
2290, GPU[1].SA[7].L1VCache[2], write-mshr-hit, 0.000000000000
2291, GPU[1].SA[7].L1VCache[3], read-hit, 480.000000000000
2292, GPU[1].SA[7].L1VCache[3], read-miss, 32.000000000000
2293, GPU[1].SA[7].L1VCache[3], read-mshr-hit, 0.000000000000
2294, GPU[1].SA[7].L1VCache[3], write-hit, 0.000000000000
2295, GPU[1].SA[7].L1VCache[3], write-miss, 3.000000000000
2296, GPU[1].SA[7].L1VCache[3], write-mshr-hit, 0.000000000000
2297, GPU[1].SA[8].L1VCache[0], read-hit, 0.000000000000
2298, GPU[1].SA[8].L1VCache[0], read-miss, 6.000000000000
2299, GPU[1].SA[8].L1VCache[0], read-mshr-hit, 0.000000000000
2300, GPU[1].SA[8].L1VCache[0], write-hit, 4.000000000000
2301, GPU[1].SA[8].L1VCache[0], write-miss, 0.000000000000
2302, GPU[1].SA[8].L1VCache[0], write-mshr-hit, 0.000000000000
2303, GPU[1].SA[8].L1VCache[1], read-hit, 375.000000000000
2304, GPU[1].SA[8].L1VCache[1], read-miss, 30.000000000000
2305, GPU[1].SA[8].L1VCache[1], read-mshr-hit, 0.000000000000
2306, GPU[1].SA[8].L1VCache[1], write-hit, 2.000000000000
2307, GPU[1].SA[8].L1VCache[1], write-miss, 3.000000000000
2308, GPU[1].SA[8].L1VCache[1], write-mshr-hit, 0.000000000000
2309, GPU[1].SA[8].L1VCache[2], read-hit, 15.000000000000
2310, GPU[1].SA[8].L1VCache[2], read-miss, 8.000000000000
2311, GPU[1].SA[8].L1VCache[2], read-mshr-hit, 0.000000000000
2312, GPU[1].SA[8].L1VCache[2], write-hit, 3.000000000000
2313, GPU[1].SA[8].L1VCache[2], write-miss, 2.000000000000
2314, GPU[1].SA[8].L1VCache[2], write-mshr-hit, 0.000000000000
2315, GPU[1].SA[8].L1VCache[3], read-hit, 16.000000000000
2316, GPU[1].SA[8].L1VCache[3], read-miss, 8.000000000000
2317, GPU[1].SA[8].L1VCache[3], read-mshr-hit, 0.000000000000
2318, GPU[1].SA[8].L1VCache[3], write-hit, 3.000000000000
2319, GPU[1].SA[8].L1VCache[3], write-miss, 2.000000000000
2320, GPU[1].SA[8].L1VCache[3], write-mshr-hit, 0.000000000000
2321, GPU[1].SA[9].L1VCache[0], read-hit, 495.000000000000
2322, GPU[1].SA[9].L1VCache[0], read-miss, 38.000000000000
2323, GPU[1].SA[9].L1VCache[0], read-mshr-hit, 0.000000000000
2324, GPU[1].SA[9].L1VCache[0], write-hit, 2.000000000000
2325, GPU[1].SA[9].L1VCache[0], write-miss, 4.000000000000
2326, GPU[1].SA[9].L1VCache[0], write-mshr-hit, 0.000000000000
2327, GPU[1].SA[9].L1VCache[1], read-hit, 240.000000000000
2328, GPU[1].SA[9].L1VCache[1], read-miss, 17.000000000000
2329, GPU[1].SA[9].L1VCache[1], read-mshr-hit, 0.000000000000
2330, GPU[1].SA[9].L1VCache[1], write-hit, 0.000000000000
2331, GPU[1].SA[9].L1VCache[1], write-miss, 2.000000000000
2332, GPU[1].SA[9].L1VCache[1], write-mshr-hit, 0.000000000000
2333, GPU[1].SA[9].L1VCache[2], read-hit, 1.000000000000
2334, GPU[1].SA[9].L1VCache[2], read-miss, 4.000000000000
2335, GPU[1].SA[9].L1VCache[2], read-mshr-hit, 0.000000000000
2336, GPU[1].SA[9].L1VCache[2], write-hit, 1.000000000000
2337, GPU[1].SA[9].L1VCache[2], write-miss, 1.000000000000
2338, GPU[1].SA[9].L1VCache[2], write-mshr-hit, 0.000000000000
2339, GPU[1].SA[9].L1VCache[3], read-hit, 241.000000000000
2340, GPU[1].SA[9].L1VCache[3], read-miss, 18.000000000000
2341, GPU[1].SA[9].L1VCache[3], read-mshr-hit, 0.000000000000
2342, GPU[1].SA[9].L1VCache[3], write-hit, 0.000000000000
2343, GPU[1].SA[9].L1VCache[3], write-miss, 2.000000000000
2344, GPU[1].SA[9].L1VCache[3], write-mshr-hit, 0.000000000000
2345, GPU[1].SA[10].L1VCache[0], read-hit, 480.000000000000
2346, GPU[1].SA[10].L1VCache[0], read-miss, 32.000000000000
2347, GPU[1].SA[10].L1VCache[0], read-mshr-hit, 0.000000000000
2348, GPU[1].SA[10].L1VCache[0], write-hit, 0.000000000000
2349, GPU[1].SA[10].L1VCache[0], write-miss, 3.000000000000
2350, GPU[1].SA[10].L1VCache[0], write-mshr-hit, 0.000000000000
2351, GPU[1].SA[10].L1VCache[1], read-hit, 480.000000000000
2352, GPU[1].SA[10].L1VCache[1], read-miss, 32.000000000000
2353, GPU[1].SA[10].L1VCache[1], read-mshr-hit, 0.000000000000
2354, GPU[1].SA[10].L1VCache[1], write-hit, 0.000000000000
2355, GPU[1].SA[10].L1VCache[1], write-miss, 3.000000000000
2356, GPU[1].SA[10].L1VCache[1], write-mshr-hit, 0.000000000000
2357, GPU[1].SA[10].L1VCache[2], read-hit, 0.000000000000
2358, GPU[1].SA[10].L1VCache[2], read-miss, 6.000000000000
2359, GPU[1].SA[10].L1VCache[2], read-mshr-hit, 0.000000000000
2360, GPU[1].SA[10].L1VCache[2], write-hit, 4.000000000000
2361, GPU[1].SA[10].L1VCache[2], write-miss, 0.000000000000
2362, GPU[1].SA[10].L1VCache[2], write-mshr-hit, 0.000000000000
2363, GPU[1].SA[10].L1VCache[3], read-hit, 371.000000000000
2364, GPU[1].SA[10].L1VCache[3], read-miss, 28.000000000000
2365, GPU[1].SA[10].L1VCache[3], read-mshr-hit, 0.000000000000
2366, GPU[1].SA[10].L1VCache[3], write-hit, 2.000000000000
2367, GPU[1].SA[10].L1VCache[3], write-miss, 3.000000000000
2368, GPU[1].SA[10].L1VCache[3], write-mshr-hit, 0.000000000000
2369, GPU[1].SA[11].L1VCache[0], read-hit, 11.000000000000
2370, GPU[1].SA[11].L1VCache[0], read-miss, 6.000000000000
2371, GPU[1].SA[11].L1VCache[0], read-mshr-hit, 0.000000000000
2372, GPU[1].SA[11].L1VCache[0], write-hit, 3.000000000000
2373, GPU[1].SA[11].L1VCache[0], write-miss, 2.000000000000
2374, GPU[1].SA[11].L1VCache[0], write-mshr-hit, 0.000000000000
2375, GPU[1].SA[11].L1VCache[1], read-hit, 12.000000000000
2376, GPU[1].SA[11].L1VCache[1], read-miss, 6.000000000000
2377, GPU[1].SA[11].L1VCache[1], read-mshr-hit, 0.000000000000
2378, GPU[1].SA[11].L1VCache[1], write-hit, 3.000000000000
2379, GPU[1].SA[11].L1VCache[1], write-miss, 2.000000000000
2380, GPU[1].SA[11].L1VCache[1], write-mshr-hit, 0.000000000000
2381, GPU[1].SA[11].L1VCache[2], read-hit, 491.000000000000
2382, GPU[1].SA[11].L1VCache[2], read-miss, 36.000000000000
2383, GPU[1].SA[11].L1VCache[2], read-mshr-hit, 0.000000000000
2384, GPU[1].SA[11].L1VCache[2], write-hit, 2.000000000000
2385, GPU[1].SA[11].L1VCache[2], write-miss, 4.000000000000
2386, GPU[1].SA[11].L1VCache[2], write-mshr-hit, 0.000000000000
2387, GPU[1].SA[11].L1VCache[3], read-hit, 240.000000000000
2388, GPU[1].SA[11].L1VCache[3], read-miss, 16.000000000000
2389, GPU[1].SA[11].L1VCache[3], read-mshr-hit, 0.000000000000
2390, GPU[1].SA[11].L1VCache[3], write-hit, 0.000000000000
2391, GPU[1].SA[11].L1VCache[3], write-miss, 1.000000000000
2392, GPU[1].SA[11].L1VCache[3], write-mshr-hit, 0.000000000000
2393, GPU[1].SA[12].L1VCache[0], read-hit, 0.000000000000
2394, GPU[1].SA[12].L1VCache[0], read-miss, 2.000000000000
2395, GPU[1].SA[12].L1VCache[0], read-mshr-hit, 0.000000000000
2396, GPU[1].SA[12].L1VCache[0], write-hit, 1.000000000000
2397, GPU[1].SA[12].L1VCache[0], write-miss, 0.000000000000
2398, GPU[1].SA[12].L1VCache[0], write-mshr-hit, 0.000000000000
2399, GPU[1].SA[12].L1VCache[1], read-hit, 1.000000000000
2400, GPU[1].SA[12].L1VCache[1], read-miss, 2.000000000000
2401, GPU[1].SA[12].L1VCache[1], read-mshr-hit, 0.000000000000
2402, GPU[1].SA[12].L1VCache[1], write-hit, 0.000000000000
2403, GPU[1].SA[12].L1VCache[1], write-miss, 1.000000000000
2404, GPU[1].SA[12].L1VCache[1], write-mshr-hit, 0.000000000000
2405, GPU[1].SA[12].L1VCache[2], read-hit, 360.000000000000
2406, GPU[1].SA[12].L1VCache[2], read-miss, 24.000000000000
2407, GPU[1].SA[12].L1VCache[2], read-mshr-hit, 0.000000000000
2408, GPU[1].SA[12].L1VCache[2], write-hit, 0.000000000000
2409, GPU[1].SA[12].L1VCache[2], write-miss, 2.000000000000
2410, GPU[1].SA[12].L1VCache[2], write-mshr-hit, 0.000000000000
2411, GPU[1].SA[12].L1VCache[3], read-hit, 360.000000000000
2412, GPU[1].SA[12].L1VCache[3], read-miss, 24.000000000000
2413, GPU[1].SA[12].L1VCache[3], read-mshr-hit, 0.000000000000
2414, GPU[1].SA[12].L1VCache[3], write-hit, 0.000000000000
2415, GPU[1].SA[12].L1VCache[3], write-miss, 2.000000000000
2416, GPU[1].SA[12].L1VCache[3], write-mshr-hit, 0.000000000000
2417, GPU[1].SA[13].L1VCache[0], read-hit, 0.000000000000
2418, GPU[1].SA[13].L1VCache[0], read-miss, 4.000000000000
2419, GPU[1].SA[13].L1VCache[0], read-mshr-hit, 0.000000000000
2420, GPU[1].SA[13].L1VCache[0], write-hit, 2.000000000000
2421, GPU[1].SA[13].L1VCache[0], write-miss, 0.000000000000
2422, GPU[1].SA[13].L1VCache[0], write-mshr-hit, 0.000000000000
2423, GPU[1].SA[13].L1VCache[1], read-hit, 360.000000000000
2424, GPU[1].SA[13].L1VCache[1], read-miss, 24.000000000000
2425, GPU[1].SA[13].L1VCache[1], read-mshr-hit, 0.000000000000
2426, GPU[1].SA[13].L1VCache[1], write-hit, 0.000000000000
2427, GPU[1].SA[13].L1VCache[1], write-miss, 1.000000000000
2428, GPU[1].SA[13].L1VCache[1], write-mshr-hit, 0.000000000000
2429, GPU[1].SA[13].L1VCache[2], read-hit, 0.000000000000
2430, GPU[1].SA[13].L1VCache[2], read-miss, 2.000000000000
2431, GPU[1].SA[13].L1VCache[2], read-mshr-hit, 0.000000000000
2432, GPU[1].SA[13].L1VCache[2], write-hit, 1.000000000000
2433, GPU[1].SA[13].L1VCache[2], write-miss, 0.000000000000
2434, GPU[1].SA[13].L1VCache[2], write-mshr-hit, 0.000000000000
2435, GPU[1].SA[13].L1VCache[3], read-hit, 1.000000000000
2436, GPU[1].SA[13].L1VCache[3], read-miss, 2.000000000000
2437, GPU[1].SA[13].L1VCache[3], read-mshr-hit, 0.000000000000
2438, GPU[1].SA[13].L1VCache[3], write-hit, 0.000000000000
2439, GPU[1].SA[13].L1VCache[3], write-miss, 1.000000000000
2440, GPU[1].SA[13].L1VCache[3], write-mshr-hit, 0.000000000000
2441, GPU[1].SA[14].L1VCache[0], read-hit, 240.000000000000
2442, GPU[1].SA[14].L1VCache[0], read-miss, 16.000000000000
2443, GPU[1].SA[14].L1VCache[0], read-mshr-hit, 0.000000000000
2444, GPU[1].SA[14].L1VCache[0], write-hit, 0.000000000000
2445, GPU[1].SA[14].L1VCache[0], write-miss, 1.000000000000
2446, GPU[1].SA[14].L1VCache[0], write-mshr-hit, 0.000000000000
2447, GPU[1].SA[14].L1VCache[1], read-hit, 120.000000000000
2448, GPU[1].SA[14].L1VCache[1], read-miss, 8.000000000000
2449, GPU[1].SA[14].L1VCache[1], read-mshr-hit, 0.000000000000
2450, GPU[1].SA[14].L1VCache[1], write-hit, 0.000000000000
2451, GPU[1].SA[14].L1VCache[1], write-miss, 1.000000000000
2452, GPU[1].SA[14].L1VCache[1], write-mshr-hit, 0.000000000000
2453, GPU[1].SA[14].L1VCache[2], read-hit, 120.000000000000
2454, GPU[1].SA[14].L1VCache[2], read-miss, 8.000000000000
2455, GPU[1].SA[14].L1VCache[2], read-mshr-hit, 0.000000000000
2456, GPU[1].SA[14].L1VCache[2], write-hit, 0.000000000000
2457, GPU[1].SA[14].L1VCache[2], write-miss, 1.000000000000
2458, GPU[1].SA[14].L1VCache[2], write-mshr-hit, 0.000000000000
2459, GPU[1].SA[14].L1VCache[3], read-hit, 0.000000000000
2460, GPU[1].SA[14].L1VCache[3], read-miss, 2.000000000000
2461, GPU[1].SA[14].L1VCache[3], read-mshr-hit, 0.000000000000
2462, GPU[1].SA[14].L1VCache[3], write-hit, 2.000000000000
2463, GPU[1].SA[14].L1VCache[3], write-miss, 0.000000000000
2464, GPU[1].SA[14].L1VCache[3], write-mshr-hit, 0.000000000000
2465, GPU[1].SA[15].L1VCache[0], read-hit, 11.000000000000
2466, GPU[1].SA[15].L1VCache[0], read-miss, 4.000000000000
2467, GPU[1].SA[15].L1VCache[0], read-mshr-hit, 0.000000000000
2468, GPU[1].SA[15].L1VCache[0], write-hit, 2.000000000000
2469, GPU[1].SA[15].L1VCache[0], write-miss, 2.000000000000
2470, GPU[1].SA[15].L1VCache[0], write-mshr-hit, 0.000000000000
2471, GPU[1].SA[15].L1VCache[1], read-hit, 11.000000000000
2472, GPU[1].SA[15].L1VCache[1], read-miss, 4.000000000000
2473, GPU[1].SA[15].L1VCache[1], read-mshr-hit, 0.000000000000
2474, GPU[1].SA[15].L1VCache[1], write-hit, 2.000000000000
2475, GPU[1].SA[15].L1VCache[1], write-miss, 2.000000000000
2476, GPU[1].SA[15].L1VCache[1], write-mshr-hit, 0.000000000000
2477, GPU[1].SA[15].L1VCache[2], read-hit, 11.000000000000
2478, GPU[1].SA[15].L1VCache[2], read-miss, 4.000000000000
2479, GPU[1].SA[15].L1VCache[2], read-mshr-hit, 0.000000000000
2480, GPU[1].SA[15].L1VCache[2], write-hit, 2.000000000000
2481, GPU[1].SA[15].L1VCache[2], write-miss, 2.000000000000
2482, GPU[1].SA[15].L1VCache[2], write-mshr-hit, 0.000000000000
2483, GPU[1].SA[15].L1VCache[3], read-hit, 11.000000000000
2484, GPU[1].SA[15].L1VCache[3], read-miss, 4.000000000000
2485, GPU[1].SA[15].L1VCache[3], read-mshr-hit, 0.000000000000
2486, GPU[1].SA[15].L1VCache[3], write-hit, 2.000000000000
2487, GPU[1].SA[15].L1VCache[3], write-miss, 2.000000000000
2488, GPU[1].SA[15].L1VCache[3], write-mshr-hit, 0.000000000000
2489, GPU[1].SA[0].L1SCache, read-hit, 73.000000000000
2490, GPU[1].SA[0].L1SCache, read-miss, 19.000000000000
2491, GPU[1].SA[0].L1SCache, read-mshr-hit, 0.000000000000
2492, GPU[1].SA[0].L1SCache, write-hit, 0.000000000000
2493, GPU[1].SA[0].L1SCache, write-miss, 0.000000000000
2494, GPU[1].SA[0].L1SCache, write-mshr-hit, 0.000000000000
2495, GPU[1].SA[1].L1SCache, read-hit, 67.000000000000
2496, GPU[1].SA[1].L1SCache, read-miss, 18.000000000000
2497, GPU[1].SA[1].L1SCache, read-mshr-hit, 0.000000000000
2498, GPU[1].SA[1].L1SCache, write-hit, 0.000000000000
2499, GPU[1].SA[1].L1SCache, write-miss, 0.000000000000
2500, GPU[1].SA[1].L1SCache, write-mshr-hit, 0.000000000000
2501, GPU[1].SA[2].L1SCache, read-hit, 44.000000000000
2502, GPU[1].SA[2].L1SCache, read-miss, 16.000000000000
2503, GPU[1].SA[2].L1SCache, read-mshr-hit, 0.000000000000
2504, GPU[1].SA[2].L1SCache, write-hit, 0.000000000000
2505, GPU[1].SA[2].L1SCache, write-miss, 0.000000000000
2506, GPU[1].SA[2].L1SCache, write-mshr-hit, 0.000000000000
2507, GPU[1].SA[3].L1SCache, read-hit, 91.000000000000
2508, GPU[1].SA[3].L1SCache, read-miss, 18.000000000000
2509, GPU[1].SA[3].L1SCache, read-mshr-hit, 0.000000000000
2510, GPU[1].SA[3].L1SCache, write-hit, 0.000000000000
2511, GPU[1].SA[3].L1SCache, write-miss, 0.000000000000
2512, GPU[1].SA[3].L1SCache, write-mshr-hit, 0.000000000000
2513, GPU[1].SA[4].L1SCache, read-hit, 71.000000000000
2514, GPU[1].SA[4].L1SCache, read-miss, 13.000000000000
2515, GPU[1].SA[4].L1SCache, read-mshr-hit, 0.000000000000
2516, GPU[1].SA[4].L1SCache, write-hit, 0.000000000000
2517, GPU[1].SA[4].L1SCache, write-miss, 0.000000000000
2518, GPU[1].SA[4].L1SCache, write-mshr-hit, 0.000000000000
2519, GPU[1].SA[5].L1SCache, read-hit, 75.000000000000
2520, GPU[1].SA[5].L1SCache, read-miss, 19.000000000000
2521, GPU[1].SA[5].L1SCache, read-mshr-hit, 0.000000000000
2522, GPU[1].SA[5].L1SCache, write-hit, 0.000000000000
2523, GPU[1].SA[5].L1SCache, write-miss, 0.000000000000
2524, GPU[1].SA[5].L1SCache, write-mshr-hit, 0.000000000000
2525, GPU[1].SA[6].L1SCache, read-hit, 77.000000000000
2526, GPU[1].SA[6].L1SCache, read-miss, 16.000000000000
2527, GPU[1].SA[6].L1SCache, read-mshr-hit, 0.000000000000
2528, GPU[1].SA[6].L1SCache, write-hit, 0.000000000000
2529, GPU[1].SA[6].L1SCache, write-miss, 0.000000000000
2530, GPU[1].SA[6].L1SCache, write-mshr-hit, 0.000000000000
2531, GPU[1].SA[7].L1SCache, read-hit, 91.000000000000
2532, GPU[1].SA[7].L1SCache, read-miss, 18.000000000000
2533, GPU[1].SA[7].L1SCache, read-mshr-hit, 0.000000000000
2534, GPU[1].SA[7].L1SCache, write-hit, 0.000000000000
2535, GPU[1].SA[7].L1SCache, write-miss, 0.000000000000
2536, GPU[1].SA[7].L1SCache, write-mshr-hit, 0.000000000000
2537, GPU[1].SA[8].L1SCache, read-hit, 45.000000000000
2538, GPU[1].SA[8].L1SCache, read-miss, 14.000000000000
2539, GPU[1].SA[8].L1SCache, read-mshr-hit, 0.000000000000
2540, GPU[1].SA[8].L1SCache, write-hit, 0.000000000000
2541, GPU[1].SA[8].L1SCache, write-miss, 0.000000000000
2542, GPU[1].SA[8].L1SCache, write-mshr-hit, 0.000000000000
2543, GPU[1].SA[9].L1SCache, read-hit, 58.000000000000
2544, GPU[1].SA[9].L1SCache, read-miss, 19.000000000000
2545, GPU[1].SA[9].L1SCache, read-mshr-hit, 0.000000000000
2546, GPU[1].SA[9].L1SCache, write-hit, 0.000000000000
2547, GPU[1].SA[9].L1SCache, write-miss, 0.000000000000
2548, GPU[1].SA[9].L1SCache, write-mshr-hit, 0.000000000000
2549, GPU[1].SA[10].L1SCache, read-hit, 99.000000000000
2550, GPU[1].SA[10].L1SCache, read-miss, 20.000000000000
2551, GPU[1].SA[10].L1SCache, read-mshr-hit, 0.000000000000
2552, GPU[1].SA[10].L1SCache, write-hit, 0.000000000000
2553, GPU[1].SA[10].L1SCache, write-miss, 0.000000000000
2554, GPU[1].SA[10].L1SCache, write-mshr-hit, 0.000000000000
2555, GPU[1].SA[11].L1SCache, read-hit, 53.000000000000
2556, GPU[1].SA[11].L1SCache, read-miss, 12.000000000000
2557, GPU[1].SA[11].L1SCache, read-mshr-hit, 0.000000000000
2558, GPU[1].SA[11].L1SCache, write-hit, 0.000000000000
2559, GPU[1].SA[11].L1SCache, write-miss, 0.000000000000
2560, GPU[1].SA[11].L1SCache, write-mshr-hit, 0.000000000000
2561, GPU[1].SA[12].L1SCache, read-hit, 37.000000000000
2562, GPU[1].SA[12].L1SCache, read-miss, 9.000000000000
2563, GPU[1].SA[12].L1SCache, read-mshr-hit, 0.000000000000
2564, GPU[1].SA[12].L1SCache, write-hit, 0.000000000000
2565, GPU[1].SA[12].L1SCache, write-miss, 0.000000000000
2566, GPU[1].SA[12].L1SCache, write-mshr-hit, 0.000000000000
2567, GPU[1].SA[13].L1SCache, read-hit, 27.000000000000
2568, GPU[1].SA[13].L1SCache, read-miss, 10.000000000000
2569, GPU[1].SA[13].L1SCache, read-mshr-hit, 0.000000000000
2570, GPU[1].SA[13].L1SCache, write-hit, 0.000000000000
2571, GPU[1].SA[13].L1SCache, write-miss, 0.000000000000
2572, GPU[1].SA[13].L1SCache, write-mshr-hit, 0.000000000000
2573, GPU[1].SA[14].L1SCache, read-hit, 54.000000000000
2574, GPU[1].SA[14].L1SCache, read-miss, 9.000000000000
2575, GPU[1].SA[14].L1SCache, read-mshr-hit, 0.000000000000
2576, GPU[1].SA[14].L1SCache, write-hit, 0.000000000000
2577, GPU[1].SA[14].L1SCache, write-miss, 0.000000000000
2578, GPU[1].SA[14].L1SCache, write-mshr-hit, 0.000000000000
2579, GPU[1].SA[15].L1SCache, read-hit, 28.000000000000
2580, GPU[1].SA[15].L1SCache, read-miss, 2.000000000000
2581, GPU[1].SA[15].L1SCache, read-mshr-hit, 0.000000000000
2582, GPU[1].SA[15].L1SCache, write-hit, 0.000000000000
2583, GPU[1].SA[15].L1SCache, write-miss, 0.000000000000
2584, GPU[1].SA[15].L1SCache, write-mshr-hit, 0.000000000000
2585, GPU[1].SA[0].L1ICache, read-hit, 1036.000000000000
2586, GPU[1].SA[0].L1ICache, read-miss, 59.000000000000
2587, GPU[1].SA[0].L1ICache, read-mshr-hit, 0.000000000000
2588, GPU[1].SA[0].L1ICache, write-hit, 0.000000000000
2589, GPU[1].SA[0].L1ICache, write-miss, 0.000000000000
2590, GPU[1].SA[0].L1ICache, write-mshr-hit, 0.000000000000
2591, GPU[1].SA[1].L1ICache, read-hit, 1030.000000000000
2592, GPU[1].SA[1].L1ICache, read-miss, 87.000000000000
2593, GPU[1].SA[1].L1ICache, read-mshr-hit, 0.000000000000
2594, GPU[1].SA[1].L1ICache, write-hit, 0.000000000000
2595, GPU[1].SA[1].L1ICache, write-miss, 0.000000000000
2596, GPU[1].SA[1].L1ICache, write-mshr-hit, 0.000000000000
2597, GPU[1].SA[2].L1ICache, read-hit, 1539.000000000000
2598, GPU[1].SA[2].L1ICache, read-miss, 74.000000000000
2599, GPU[1].SA[2].L1ICache, read-mshr-hit, 0.000000000000
2600, GPU[1].SA[2].L1ICache, write-hit, 0.000000000000
2601, GPU[1].SA[2].L1ICache, write-miss, 0.000000000000
2602, GPU[1].SA[2].L1ICache, write-mshr-hit, 0.000000000000
2603, GPU[1].SA[3].L1ICache, read-hit, 807.000000000000
2604, GPU[1].SA[3].L1ICache, read-miss, 77.000000000000
2605, GPU[1].SA[3].L1ICache, read-mshr-hit, 0.000000000000
2606, GPU[1].SA[3].L1ICache, write-hit, 0.000000000000
2607, GPU[1].SA[3].L1ICache, write-miss, 0.000000000000
2608, GPU[1].SA[3].L1ICache, write-mshr-hit, 0.000000000000
2609, GPU[1].SA[4].L1ICache, read-hit, 2007.000000000000
2610, GPU[1].SA[4].L1ICache, read-miss, 60.000000000000
2611, GPU[1].SA[4].L1ICache, read-mshr-hit, 0.000000000000
2612, GPU[1].SA[4].L1ICache, write-hit, 0.000000000000
2613, GPU[1].SA[4].L1ICache, write-miss, 0.000000000000
2614, GPU[1].SA[4].L1ICache, write-mshr-hit, 0.000000000000
2615, GPU[1].SA[5].L1ICache, read-hit, 1057.000000000000
2616, GPU[1].SA[5].L1ICache, read-miss, 99.000000000000
2617, GPU[1].SA[5].L1ICache, read-mshr-hit, 0.000000000000
2618, GPU[1].SA[5].L1ICache, write-hit, 0.000000000000
2619, GPU[1].SA[5].L1ICache, write-miss, 0.000000000000
2620, GPU[1].SA[5].L1ICache, write-mshr-hit, 0.000000000000
2621, GPU[1].SA[6].L1ICache, read-hit, 1361.000000000000
2622, GPU[1].SA[6].L1ICache, read-miss, 62.000000000000
2623, GPU[1].SA[6].L1ICache, read-mshr-hit, 0.000000000000
2624, GPU[1].SA[6].L1ICache, write-hit, 0.000000000000
2625, GPU[1].SA[6].L1ICache, write-miss, 0.000000000000
2626, GPU[1].SA[6].L1ICache, write-mshr-hit, 0.000000000000
2627, GPU[1].SA[7].L1ICache, read-hit, 1124.000000000000
2628, GPU[1].SA[7].L1ICache, read-miss, 63.000000000000
2629, GPU[1].SA[7].L1ICache, read-mshr-hit, 0.000000000000
2630, GPU[1].SA[7].L1ICache, write-hit, 0.000000000000
2631, GPU[1].SA[7].L1ICache, write-miss, 0.000000000000
2632, GPU[1].SA[7].L1ICache, write-mshr-hit, 0.000000000000
2633, GPU[1].SA[8].L1ICache, read-hit, 1553.000000000000
2634, GPU[1].SA[8].L1ICache, read-miss, 84.000000000000
2635, GPU[1].SA[8].L1ICache, read-mshr-hit, 0.000000000000
2636, GPU[1].SA[8].L1ICache, write-hit, 0.000000000000
2637, GPU[1].SA[8].L1ICache, write-miss, 0.000000000000
2638, GPU[1].SA[8].L1ICache, write-mshr-hit, 0.000000000000
2639, GPU[1].SA[9].L1ICache, read-hit, 1295.000000000000
2640, GPU[1].SA[9].L1ICache, read-miss, 81.000000000000
2641, GPU[1].SA[9].L1ICache, read-mshr-hit, 0.000000000000
2642, GPU[1].SA[9].L1ICache, write-hit, 0.000000000000
2643, GPU[1].SA[9].L1ICache, write-miss, 0.000000000000
2644, GPU[1].SA[9].L1ICache, write-mshr-hit, 0.000000000000
2645, GPU[1].SA[10].L1ICache, read-hit, 863.000000000000
2646, GPU[1].SA[10].L1ICache, read-miss, 95.000000000000
2647, GPU[1].SA[10].L1ICache, read-mshr-hit, 0.000000000000
2648, GPU[1].SA[10].L1ICache, write-hit, 0.000000000000
2649, GPU[1].SA[10].L1ICache, write-miss, 0.000000000000
2650, GPU[1].SA[10].L1ICache, write-mshr-hit, 0.000000000000
2651, GPU[1].SA[11].L1ICache, read-hit, 1567.000000000000
2652, GPU[1].SA[11].L1ICache, read-miss, 60.000000000000
2653, GPU[1].SA[11].L1ICache, read-mshr-hit, 0.000000000000
2654, GPU[1].SA[11].L1ICache, write-hit, 0.000000000000
2655, GPU[1].SA[11].L1ICache, write-miss, 0.000000000000
2656, GPU[1].SA[11].L1ICache, write-mshr-hit, 0.000000000000
2657, GPU[1].SA[12].L1ICache, read-hit, 521.000000000000
2658, GPU[1].SA[12].L1ICache, read-miss, 31.000000000000
2659, GPU[1].SA[12].L1ICache, read-mshr-hit, 0.000000000000
2660, GPU[1].SA[12].L1ICache, write-hit, 0.000000000000
2661, GPU[1].SA[12].L1ICache, write-miss, 0.000000000000
2662, GPU[1].SA[12].L1ICache, write-mshr-hit, 0.000000000000
2663, GPU[1].SA[13].L1ICache, read-hit, 479.000000000000
2664, GPU[1].SA[13].L1ICache, read-miss, 30.000000000000
2665, GPU[1].SA[13].L1ICache, read-mshr-hit, 0.000000000000
2666, GPU[1].SA[13].L1ICache, write-hit, 0.000000000000
2667, GPU[1].SA[13].L1ICache, write-miss, 0.000000000000
2668, GPU[1].SA[13].L1ICache, write-mshr-hit, 0.000000000000
2669, GPU[1].SA[14].L1ICache, read-hit, 286.000000000000
2670, GPU[1].SA[14].L1ICache, read-miss, 46.000000000000
2671, GPU[1].SA[14].L1ICache, read-mshr-hit, 0.000000000000
2672, GPU[1].SA[14].L1ICache, write-hit, 0.000000000000
2673, GPU[1].SA[14].L1ICache, write-miss, 0.000000000000
2674, GPU[1].SA[14].L1ICache, write-mshr-hit, 0.000000000000
2675, GPU[1].SA[15].L1ICache, read-hit, 1398.000000000000
2676, GPU[1].SA[15].L1ICache, read-miss, 29.000000000000
2677, GPU[1].SA[15].L1ICache, read-mshr-hit, 0.000000000000
2678, GPU[1].SA[15].L1ICache, write-hit, 0.000000000000
2679, GPU[1].SA[15].L1ICache, write-miss, 0.000000000000
2680, GPU[1].SA[15].L1ICache, write-mshr-hit, 0.000000000000
2681, GPU[1].L2[0], read-hit, 186.000000000000
2682, GPU[1].L2[0], read-miss, 287.000000000000
2683, GPU[1].L2[0], read-mshr-hit, 0.000000000000
2684, GPU[1].L2[0], write-hit, 153.000000000000
2685, GPU[1].L2[0], write-miss, 42.000000000000
2686, GPU[1].L2[0], write-mshr-hit, 0.000000000000
2687, GPU[1].L2[1], read-hit, 2.000000000000
2688, GPU[1].L2[1], read-miss, 78.000000000000
2689, GPU[1].L2[1], read-mshr-hit, 0.000000000000
2690, GPU[1].L2[1], write-hit, 0.000000000000
2691, GPU[1].L2[1], write-miss, 0.000000000000
2692, GPU[1].L2[1], write-mshr-hit, 0.000000000000
2693, GPU[1].L2[2], read-hit, 29.000000000000
2694, GPU[1].L2[2], read-miss, 266.000000000000
2695, GPU[1].L2[2], read-mshr-hit, 0.000000000000
2696, GPU[1].L2[2], write-hit, 3.000000000000
2697, GPU[1].L2[2], write-miss, 6.000000000000
2698, GPU[1].L2[2], write-mshr-hit, 0.000000000000
2699, GPU[1].L2[3], read-hit, 0.000000000000
2700, GPU[1].L2[3], read-miss, 261.000000000000
2701, GPU[1].L2[3], read-mshr-hit, 0.000000000000
2702, GPU[1].L2[3], write-hit, 0.000000000000
2703, GPU[1].L2[3], write-miss, 0.000000000000
2704, GPU[1].L2[3], write-mshr-hit, 0.000000000000
2705, GPU[1].L2[4], read-hit, 0.000000000000
2706, GPU[1].L2[4], read-miss, 258.000000000000
2707, GPU[1].L2[4], read-mshr-hit, 0.000000000000
2708, GPU[1].L2[4], write-hit, 0.000000000000
2709, GPU[1].L2[4], write-miss, 0.000000000000
2710, GPU[1].L2[4], write-mshr-hit, 0.000000000000
2711, GPU[1].L2[5], read-hit, 0.000000000000
2712, GPU[1].L2[5], read-miss, 159.000000000000
2713, GPU[1].L2[5], read-mshr-hit, 0.000000000000
2714, GPU[1].L2[5], write-hit, 0.000000000000
2715, GPU[1].L2[5], write-miss, 0.000000000000
2716, GPU[1].L2[5], write-mshr-hit, 0.000000000000
2717, GPU[1].L2[6], read-hit, 0.000000000000
2718, GPU[1].L2[6], read-miss, 108.000000000000
2719, GPU[1].L2[6], read-mshr-hit, 0.000000000000
2720, GPU[1].L2[6], write-hit, 0.000000000000
2721, GPU[1].L2[6], write-miss, 0.000000000000
2722, GPU[1].L2[6], write-mshr-hit, 0.000000000000
2723, GPU[1].L2[7], read-hit, 0.000000000000
2724, GPU[1].L2[7], read-miss, 93.000000000000
2725, GPU[1].L2[7], read-mshr-hit, 0.000000000000
2726, GPU[1].L2[7], write-hit, 0.000000000000
2727, GPU[1].L2[7], write-miss, 0.000000000000
2728, GPU[1].L2[7], write-mshr-hit, 0.000000000000
2729, GPU[1].L2[8], read-hit, 1.000000000000
2730, GPU[1].L2[8], read-miss, 54.000000000000
2731, GPU[1].L2[8], read-mshr-hit, 0.000000000000
2732, GPU[1].L2[8], write-hit, 0.000000000000
2733, GPU[1].L2[8], write-miss, 0.000000000000
2734, GPU[1].L2[8], write-mshr-hit, 0.000000000000
2735, GPU[1].L2[9], read-hit, 0.000000000000
2736, GPU[1].L2[9], read-miss, 60.000000000000
2737, GPU[1].L2[9], read-mshr-hit, 0.000000000000
2738, GPU[1].L2[9], write-hit, 0.000000000000
2739, GPU[1].L2[9], write-miss, 0.000000000000
2740, GPU[1].L2[9], write-mshr-hit, 0.000000000000
2741, GPU[1].L2[10], read-hit, 0.000000000000
2742, GPU[1].L2[10], read-miss, 60.000000000000
2743, GPU[1].L2[10], read-mshr-hit, 0.000000000000
2744, GPU[1].L2[10], write-hit, 0.000000000000
2745, GPU[1].L2[10], write-miss, 0.000000000000
2746, GPU[1].L2[10], write-mshr-hit, 0.000000000000
2747, GPU[1].L2[11], read-hit, 0.000000000000
2748, GPU[1].L2[11], read-miss, 54.000000000000
2749, GPU[1].L2[11], read-mshr-hit, 0.000000000000
2750, GPU[1].L2[11], write-hit, 0.000000000000
2751, GPU[1].L2[11], write-miss, 0.000000000000
2752, GPU[1].L2[11], write-mshr-hit, 0.000000000000
2753, GPU[1].L2[12], read-hit, 0.000000000000
2754, GPU[1].L2[12], read-miss, 48.000000000000
2755, GPU[1].L2[12], read-mshr-hit, 0.000000000000
2756, GPU[1].L2[12], write-hit, 0.000000000000
2757, GPU[1].L2[12], write-miss, 0.000000000000
2758, GPU[1].L2[12], write-mshr-hit, 0.000000000000
2759, GPU[1].L2[13], read-hit, 0.000000000000
2760, GPU[1].L2[13], read-miss, 48.000000000000
2761, GPU[1].L2[13], read-mshr-hit, 0.000000000000
2762, GPU[1].L2[13], write-hit, 0.000000000000
2763, GPU[1].L2[13], write-miss, 0.000000000000
2764, GPU[1].L2[13], write-mshr-hit, 0.000000000000
2765, GPU[1].L2[14], read-hit, 0.000000000000
2766, GPU[1].L2[14], read-miss, 48.000000000000
2767, GPU[1].L2[14], read-mshr-hit, 0.000000000000
2768, GPU[1].L2[14], write-hit, 0.000000000000
2769, GPU[1].L2[14], write-miss, 0.000000000000
2770, GPU[1].L2[14], write-mshr-hit, 0.000000000000
2771, GPU[1].L2[15], read-hit, 0.000000000000
2772, GPU[1].L2[15], read-miss, 60.000000000000
2773, GPU[1].L2[15], read-mshr-hit, 0.000000000000
2774, GPU[1].L2[15], write-hit, 0.000000000000
2775, GPU[1].L2[15], write-miss, 0.000000000000
2776, GPU[1].L2[15], write-mshr-hit, 0.000000000000
2777, GPU[1].SA[0].L1VTLB[0], hit, 253.000000000000
2778, GPU[1].SA[0].L1VTLB[0], miss, 4.000000000000
2779, GPU[1].SA[0].L1VTLB[0], mshr-hit, 2.000000000000
2780, GPU[1].SA[0].L1VTLB[1], hit, 3.000000000000
2781, GPU[1].SA[0].L1VTLB[1], miss, 4.000000000000
2782, GPU[1].SA[0].L1VTLB[1], mshr-hit, 0.000000000000
2783, GPU[1].SA[0].L1VTLB[2], hit, 241.000000000000
2784, GPU[1].SA[0].L1VTLB[2], miss, 5.000000000000
2785, GPU[1].SA[0].L1VTLB[2], mshr-hit, 15.000000000000
2786, GPU[1].SA[0].L1VTLB[3], hit, 501.000000000000
2787, GPU[1].SA[0].L1VTLB[3], miss, 4.000000000000
2788, GPU[1].SA[0].L1VTLB[3], mshr-hit, 10.000000000000
2789, GPU[1].SA[1].L1VTLB[0], hit, 501.000000000000
2790, GPU[1].SA[1].L1VTLB[0], miss, 4.000000000000
2791, GPU[1].SA[1].L1VTLB[0], mshr-hit, 10.000000000000
2792, GPU[1].SA[1].L1VTLB[1], hit, 4.000000000000
2793, GPU[1].SA[1].L1VTLB[1], miss, 4.000000000000
2794, GPU[1].SA[1].L1VTLB[1], mshr-hit, 2.000000000000
2795, GPU[1].SA[1].L1VTLB[2], hit, 394.000000000000
2796, GPU[1].SA[1].L1VTLB[2], miss, 6.000000000000
2797, GPU[1].SA[1].L1VTLB[2], mshr-hit, 2.000000000000
2798, GPU[1].SA[1].L1VTLB[3], hit, 14.000000000000
2799, GPU[1].SA[1].L1VTLB[3], miss, 6.000000000000
2800, GPU[1].SA[1].L1VTLB[3], mshr-hit, 0.000000000000
2801, GPU[1].SA[2].L1VTLB[0], hit, 14.000000000000
2802, GPU[1].SA[2].L1VTLB[0], miss, 7.000000000000
2803, GPU[1].SA[2].L1VTLB[0], mshr-hit, 0.000000000000
2804, GPU[1].SA[2].L1VTLB[1], hit, 521.000000000000
2805, GPU[1].SA[2].L1VTLB[1], miss, 7.000000000000
2806, GPU[1].SA[2].L1VTLB[1], mshr-hit, 3.000000000000
2807, GPU[1].SA[2].L1VTLB[2], hit, 240.000000000000
2808, GPU[1].SA[2].L1VTLB[2], miss, 4.000000000000
2809, GPU[1].SA[2].L1VTLB[2], mshr-hit, 15.000000000000
2810, GPU[1].SA[2].L1VTLB[3], hit, 3.000000000000
2811, GPU[1].SA[2].L1VTLB[3], miss, 4.000000000000
2812, GPU[1].SA[2].L1VTLB[3], mshr-hit, 0.000000000000
2813, GPU[1].SA[3].L1VTLB[0], hit, 254.000000000000
2814, GPU[1].SA[3].L1VTLB[0], miss, 5.000000000000
2815, GPU[1].SA[3].L1VTLB[0], mshr-hit, 2.000000000000
2816, GPU[1].SA[3].L1VTLB[1], hit, 485.000000000000
2817, GPU[1].SA[3].L1VTLB[1], miss, 4.000000000000
2818, GPU[1].SA[3].L1VTLB[1], mshr-hit, 26.000000000000
2819, GPU[1].SA[3].L1VTLB[2], hit, 485.000000000000
2820, GPU[1].SA[3].L1VTLB[2], miss, 4.000000000000
2821, GPU[1].SA[3].L1VTLB[2], mshr-hit, 26.000000000000
2822, GPU[1].SA[3].L1VTLB[3], hit, 4.000000000000
2823, GPU[1].SA[3].L1VTLB[3], miss, 4.000000000000
2824, GPU[1].SA[3].L1VTLB[3], mshr-hit, 2.000000000000
2825, GPU[1].SA[4].L1VTLB[0], hit, 388.000000000000
2826, GPU[1].SA[4].L1VTLB[0], miss, 6.000000000000
2827, GPU[1].SA[4].L1VTLB[0], mshr-hit, 16.000000000000
2828, GPU[1].SA[4].L1VTLB[1], hit, 21.000000000000
2829, GPU[1].SA[4].L1VTLB[1], miss, 6.000000000000
2830, GPU[1].SA[4].L1VTLB[1], mshr-hit, 1.000000000000
2831, GPU[1].SA[4].L1VTLB[2], hit, 21.000000000000
2832, GPU[1].SA[4].L1VTLB[2], miss, 7.000000000000
2833, GPU[1].SA[4].L1VTLB[2], mshr-hit, 1.000000000000
2834, GPU[1].SA[4].L1VTLB[3], hit, 273.000000000000
2835, GPU[1].SA[4].L1VTLB[3], miss, 6.000000000000
2836, GPU[1].SA[4].L1VTLB[3], mshr-hit, 3.000000000000
2837, GPU[1].SA[5].L1VTLB[0], hit, 378.000000000000
2838, GPU[1].SA[5].L1VTLB[0], miss, 4.000000000000
2839, GPU[1].SA[5].L1VTLB[0], mshr-hit, 4.000000000000
2840, GPU[1].SA[5].L1VTLB[1], hit, 126.000000000000
2841, GPU[1].SA[5].L1VTLB[1], miss, 4.000000000000
2842, GPU[1].SA[5].L1VTLB[1], mshr-hit, 2.000000000000
2843, GPU[1].SA[5].L1VTLB[2], hit, 3.000000000000
2844, GPU[1].SA[5].L1VTLB[2], miss, 5.000000000000
2845, GPU[1].SA[5].L1VTLB[2], mshr-hit, 0.000000000000
2846, GPU[1].SA[5].L1VTLB[3], hit, 393.000000000000
2847, GPU[1].SA[5].L1VTLB[3], miss, 7.000000000000
2848, GPU[1].SA[5].L1VTLB[3], mshr-hit, 3.000000000000
2849, GPU[1].SA[6].L1VTLB[0], hit, 393.000000000000
2850, GPU[1].SA[6].L1VTLB[0], miss, 7.000000000000
2851, GPU[1].SA[6].L1VTLB[0], mshr-hit, 3.000000000000
2852, GPU[1].SA[6].L1VTLB[1], hit, 14.000000000000
2853, GPU[1].SA[6].L1VTLB[1], miss, 7.000000000000
2854, GPU[1].SA[6].L1VTLB[1], mshr-hit, 2.000000000000
2855, GPU[1].SA[6].L1VTLB[2], hit, 394.000000000000
2856, GPU[1].SA[6].L1VTLB[2], miss, 6.000000000000
2857, GPU[1].SA[6].L1VTLB[2], mshr-hit, 2.000000000000
2858, GPU[1].SA[6].L1VTLB[3], hit, 254.000000000000
2859, GPU[1].SA[6].L1VTLB[3], miss, 4.000000000000
2860, GPU[1].SA[6].L1VTLB[3], mshr-hit, 2.000000000000
2861, GPU[1].SA[7].L1VTLB[0], hit, 3.000000000000
2862, GPU[1].SA[7].L1VTLB[0], miss, 4.000000000000
2863, GPU[1].SA[7].L1VTLB[0], mshr-hit, 0.000000000000
2864, GPU[1].SA[7].L1VTLB[1], hit, 254.000000000000
2865, GPU[1].SA[7].L1VTLB[1], miss, 5.000000000000
2866, GPU[1].SA[7].L1VTLB[1], mshr-hit, 2.000000000000
2867, GPU[1].SA[7].L1VTLB[2], hit, 506.000000000000
2868, GPU[1].SA[7].L1VTLB[2], miss, 4.000000000000
2869, GPU[1].SA[7].L1VTLB[2], mshr-hit, 5.000000000000
2870, GPU[1].SA[7].L1VTLB[3], hit, 506.000000000000
2871, GPU[1].SA[7].L1VTLB[3], miss, 4.000000000000
2872, GPU[1].SA[7].L1VTLB[3], mshr-hit, 5.000000000000
2873, GPU[1].SA[8].L1VTLB[0], hit, 4.000000000000
2874, GPU[1].SA[8].L1VTLB[0], miss, 4.000000000000
2875, GPU[1].SA[8].L1VTLB[0], mshr-hit, 2.000000000000
2876, GPU[1].SA[8].L1VTLB[1], hit, 401.000000000000
2877, GPU[1].SA[8].L1VTLB[1], miss, 6.000000000000
2878, GPU[1].SA[8].L1VTLB[1], mshr-hit, 3.000000000000
2879, GPU[1].SA[8].L1VTLB[2], hit, 21.000000000000
2880, GPU[1].SA[8].L1VTLB[2], miss, 6.000000000000
2881, GPU[1].SA[8].L1VTLB[2], mshr-hit, 1.000000000000
2882, GPU[1].SA[8].L1VTLB[3], hit, 21.000000000000
2883, GPU[1].SA[8].L1VTLB[3], miss, 7.000000000000
2884, GPU[1].SA[8].L1VTLB[3], mshr-hit, 1.000000000000
2885, GPU[1].SA[9].L1VTLB[0], hit, 528.000000000000
2886, GPU[1].SA[9].L1VTLB[0], miss, 7.000000000000
2887, GPU[1].SA[9].L1VTLB[0], mshr-hit, 4.000000000000
2888, GPU[1].SA[9].L1VTLB[1], hit, 253.000000000000
2889, GPU[1].SA[9].L1VTLB[1], miss, 4.000000000000
2890, GPU[1].SA[9].L1VTLB[1], mshr-hit, 2.000000000000
2891, GPU[1].SA[9].L1VTLB[2], hit, 3.000000000000
2892, GPU[1].SA[9].L1VTLB[2], miss, 4.000000000000
2893, GPU[1].SA[9].L1VTLB[2], mshr-hit, 0.000000000000
2894, GPU[1].SA[9].L1VTLB[3], hit, 254.000000000000
2895, GPU[1].SA[9].L1VTLB[3], miss, 5.000000000000
2896, GPU[1].SA[9].L1VTLB[3], mshr-hit, 2.000000000000
2897, GPU[1].SA[10].L1VTLB[0], hit, 506.000000000000
2898, GPU[1].SA[10].L1VTLB[0], miss, 4.000000000000
2899, GPU[1].SA[10].L1VTLB[0], mshr-hit, 5.000000000000
2900, GPU[1].SA[10].L1VTLB[1], hit, 506.000000000000
2901, GPU[1].SA[10].L1VTLB[1], miss, 4.000000000000
2902, GPU[1].SA[10].L1VTLB[1], mshr-hit, 5.000000000000
2903, GPU[1].SA[10].L1VTLB[2], hit, 4.000000000000
2904, GPU[1].SA[10].L1VTLB[2], miss, 4.000000000000
2905, GPU[1].SA[10].L1VTLB[2], mshr-hit, 2.000000000000
2906, GPU[1].SA[10].L1VTLB[3], hit, 396.000000000000
2907, GPU[1].SA[10].L1VTLB[3], miss, 6.000000000000
2908, GPU[1].SA[10].L1VTLB[3], mshr-hit, 2.000000000000
2909, GPU[1].SA[11].L1VTLB[0], hit, 16.000000000000
2910, GPU[1].SA[11].L1VTLB[0], miss, 6.000000000000
2911, GPU[1].SA[11].L1VTLB[0], mshr-hit, 0.000000000000
2912, GPU[1].SA[11].L1VTLB[1], hit, 16.000000000000
2913, GPU[1].SA[11].L1VTLB[1], miss, 7.000000000000
2914, GPU[1].SA[11].L1VTLB[1], mshr-hit, 0.000000000000
2915, GPU[1].SA[11].L1VTLB[2], hit, 523.000000000000
2916, GPU[1].SA[11].L1VTLB[2], miss, 7.000000000000
2917, GPU[1].SA[11].L1VTLB[2], mshr-hit, 3.000000000000
2918, GPU[1].SA[11].L1VTLB[3], hit, 253.000000000000
2919, GPU[1].SA[11].L1VTLB[3], miss, 2.000000000000
2920, GPU[1].SA[11].L1VTLB[3], mshr-hit, 2.000000000000
2921, GPU[1].SA[12].L1VTLB[0], hit, 1.000000000000
2922, GPU[1].SA[12].L1VTLB[0], miss, 2.000000000000
2923, GPU[1].SA[12].L1VTLB[0], mshr-hit, 0.000000000000
2924, GPU[1].SA[12].L1VTLB[1], hit, 1.000000000000
2925, GPU[1].SA[12].L1VTLB[1], miss, 3.000000000000
2926, GPU[1].SA[12].L1VTLB[1], mshr-hit, 0.000000000000
2927, GPU[1].SA[12].L1VTLB[2], hit, 381.000000000000
2928, GPU[1].SA[12].L1VTLB[2], miss, 2.000000000000
2929, GPU[1].SA[12].L1VTLB[2], mshr-hit, 3.000000000000
2930, GPU[1].SA[12].L1VTLB[3], hit, 381.000000000000
2931, GPU[1].SA[12].L1VTLB[3], miss, 2.000000000000
2932, GPU[1].SA[12].L1VTLB[3], mshr-hit, 3.000000000000
2933, GPU[1].SA[13].L1VTLB[0], hit, 2.000000000000
2934, GPU[1].SA[13].L1VTLB[0], miss, 2.000000000000
2935, GPU[1].SA[13].L1VTLB[0], mshr-hit, 2.000000000000
2936, GPU[1].SA[13].L1VTLB[1], hit, 381.000000000000
2937, GPU[1].SA[13].L1VTLB[1], miss, 2.000000000000
2938, GPU[1].SA[13].L1VTLB[1], mshr-hit, 2.000000000000
2939, GPU[1].SA[13].L1VTLB[2], hit, 1.000000000000
2940, GPU[1].SA[13].L1VTLB[2], miss, 2.000000000000
2941, GPU[1].SA[13].L1VTLB[2], mshr-hit, 0.000000000000
2942, GPU[1].SA[13].L1VTLB[3], hit, 1.000000000000
2943, GPU[1].SA[13].L1VTLB[3], miss, 3.000000000000
2944, GPU[1].SA[13].L1VTLB[3], mshr-hit, 0.000000000000
2945, GPU[1].SA[14].L1VTLB[0], hit, 253.000000000000
2946, GPU[1].SA[14].L1VTLB[0], miss, 2.000000000000
2947, GPU[1].SA[14].L1VTLB[0], mshr-hit, 2.000000000000
2948, GPU[1].SA[14].L1VTLB[1], hit, 125.000000000000
2949, GPU[1].SA[14].L1VTLB[1], miss, 2.000000000000
2950, GPU[1].SA[14].L1VTLB[1], mshr-hit, 2.000000000000
2951, GPU[1].SA[14].L1VTLB[2], hit, 125.000000000000
2952, GPU[1].SA[14].L1VTLB[2], miss, 2.000000000000
2953, GPU[1].SA[14].L1VTLB[2], mshr-hit, 2.000000000000
2954, GPU[1].SA[14].L1VTLB[3], hit, 2.000000000000
2955, GPU[1].SA[14].L1VTLB[3], miss, 2.000000000000
2956, GPU[1].SA[14].L1VTLB[3], mshr-hit, 0.000000000000
2957, GPU[1].SA[15].L1VTLB[0], hit, 14.000000000000
2958, GPU[1].SA[15].L1VTLB[0], miss, 5.000000000000
2959, GPU[1].SA[15].L1VTLB[0], mshr-hit, 0.000000000000
2960, GPU[1].SA[15].L1VTLB[1], hit, 14.000000000000
2961, GPU[1].SA[15].L1VTLB[1], miss, 5.000000000000
2962, GPU[1].SA[15].L1VTLB[1], mshr-hit, 0.000000000000
2963, GPU[1].SA[15].L1VTLB[2], hit, 14.000000000000
2964, GPU[1].SA[15].L1VTLB[2], miss, 5.000000000000
2965, GPU[1].SA[15].L1VTLB[2], mshr-hit, 0.000000000000
2966, GPU[1].SA[15].L1VTLB[3], hit, 14.000000000000
2967, GPU[1].SA[15].L1VTLB[3], miss, 5.000000000000
2968, GPU[1].SA[15].L1VTLB[3], mshr-hit, 0.000000000000
2969, GPU[1].SA[0].L1STLB, hit, 75.000000000000
2970, GPU[1].SA[0].L1STLB, miss, 17.000000000000
2971, GPU[1].SA[0].L1STLB, mshr-hit, 79.000000000000
2972, GPU[1].SA[1].L1STLB, hit, 69.000000000000
2973, GPU[1].SA[1].L1STLB, miss, 16.000000000000
2974, GPU[1].SA[1].L1STLB, mshr-hit, 70.000000000000
2975, GPU[1].SA[2].L1STLB, hit, 44.000000000000
2976, GPU[1].SA[2].L1STLB, miss, 16.000000000000
2977, GPU[1].SA[2].L1STLB, mshr-hit, 75.000000000000
2978, GPU[1].SA[3].L1STLB, hit, 92.000000000000
2979, GPU[1].SA[3].L1STLB, miss, 17.000000000000
2980, GPU[1].SA[3].L1STLB, mshr-hit, 78.000000000000
2981, GPU[1].SA[4].L1STLB, hit, 56.000000000000
2982, GPU[1].SA[4].L1STLB, miss, 12.000000000000
2983, GPU[1].SA[4].L1STLB, mshr-hit, 78.000000000000
2984, GPU[1].SA[5].L1STLB, hit, 77.000000000000
2985, GPU[1].SA[5].L1STLB, miss, 17.000000000000
2986, GPU[1].SA[5].L1STLB, mshr-hit, 75.000000000000
2987, GPU[1].SA[6].L1STLB, hit, 71.000000000000
2988, GPU[1].SA[6].L1STLB, miss, 14.000000000000
2989, GPU[1].SA[6].L1STLB, mshr-hit, 75.000000000000
2990, GPU[1].SA[7].L1STLB, hit, 92.000000000000
2991, GPU[1].SA[7].L1STLB, miss, 17.000000000000
2992, GPU[1].SA[7].L1STLB, mshr-hit, 88.000000000000
2993, GPU[1].SA[8].L1STLB, hit, 38.000000000000
2994, GPU[1].SA[8].L1STLB, miss, 13.000000000000
2995, GPU[1].SA[8].L1STLB, mshr-hit, 73.000000000000
2996, GPU[1].SA[9].L1STLB, hit, 59.000000000000
2997, GPU[1].SA[9].L1STLB, miss, 18.000000000000
2998, GPU[1].SA[9].L1STLB, mshr-hit, 76.000000000000
2999, GPU[1].SA[10].L1STLB, hit, 101.000000000000
3000, GPU[1].SA[10].L1STLB, miss, 18.000000000000
3001, GPU[1].SA[10].L1STLB, mshr-hit, 71.000000000000
3002, GPU[1].SA[11].L1STLB, hit, 45.000000000000
3003, GPU[1].SA[11].L1STLB, miss, 12.000000000000
3004, GPU[1].SA[11].L1STLB, mshr-hit, 69.000000000000
3005, GPU[1].SA[12].L1STLB, hit, 37.000000000000
3006, GPU[1].SA[12].L1STLB, miss, 9.000000000000
3007, GPU[1].SA[12].L1STLB, mshr-hit, 44.000000000000
3008, GPU[1].SA[13].L1STLB, hit, 28.000000000000
3009, GPU[1].SA[13].L1STLB, miss, 9.000000000000
3010, GPU[1].SA[13].L1STLB, mshr-hit, 44.000000000000
3011, GPU[1].SA[14].L1STLB, hit, 54.000000000000
3012, GPU[1].SA[14].L1STLB, miss, 9.000000000000
3013, GPU[1].SA[14].L1STLB, mshr-hit, 34.000000000000
3014, GPU[1].SA[15].L1STLB, hit, 12.000000000000
3015, GPU[1].SA[15].L1STLB, miss, 2.000000000000
3016, GPU[1].SA[15].L1STLB, mshr-hit, 34.000000000000
3017, GPU[1].SA[0].L1ITLB, hit, 51.000000000000
3018, GPU[1].SA[0].L1ITLB, miss, 8.000000000000
3019, GPU[1].SA[0].L1ITLB, mshr-hit, 0.000000000000
3020, GPU[1].SA[1].L1ITLB, hit, 80.000000000000
3021, GPU[1].SA[1].L1ITLB, miss, 7.000000000000
3022, GPU[1].SA[1].L1ITLB, mshr-hit, 0.000000000000
3023, GPU[1].SA[2].L1ITLB, hit, 67.000000000000
3024, GPU[1].SA[2].L1ITLB, miss, 7.000000000000
3025, GPU[1].SA[2].L1ITLB, mshr-hit, 0.000000000000
3026, GPU[1].SA[3].L1ITLB, hit, 69.000000000000
3027, GPU[1].SA[3].L1ITLB, miss, 8.000000000000
3028, GPU[1].SA[3].L1ITLB, mshr-hit, 0.000000000000
3029, GPU[1].SA[4].L1ITLB, hit, 55.000000000000
3030, GPU[1].SA[4].L1ITLB, miss, 5.000000000000
3031, GPU[1].SA[4].L1ITLB, mshr-hit, 0.000000000000
3032, GPU[1].SA[5].L1ITLB, hit, 91.000000000000
3033, GPU[1].SA[5].L1ITLB, miss, 8.000000000000
3034, GPU[1].SA[5].L1ITLB, mshr-hit, 0.000000000000
3035, GPU[1].SA[6].L1ITLB, hit, 56.000000000000
3036, GPU[1].SA[6].L1ITLB, miss, 6.000000000000
3037, GPU[1].SA[6].L1ITLB, mshr-hit, 0.000000000000
3038, GPU[1].SA[7].L1ITLB, hit, 55.000000000000
3039, GPU[1].SA[7].L1ITLB, miss, 8.000000000000
3040, GPU[1].SA[7].L1ITLB, mshr-hit, 0.000000000000
3041, GPU[1].SA[8].L1ITLB, hit, 78.000000000000
3042, GPU[1].SA[8].L1ITLB, miss, 6.000000000000
3043, GPU[1].SA[8].L1ITLB, mshr-hit, 0.000000000000
3044, GPU[1].SA[9].L1ITLB, hit, 73.000000000000
3045, GPU[1].SA[9].L1ITLB, miss, 8.000000000000
3046, GPU[1].SA[9].L1ITLB, mshr-hit, 0.000000000000
3047, GPU[1].SA[10].L1ITLB, hit, 87.000000000000
3048, GPU[1].SA[10].L1ITLB, miss, 8.000000000000
3049, GPU[1].SA[10].L1ITLB, mshr-hit, 0.000000000000
3050, GPU[1].SA[11].L1ITLB, hit, 55.000000000000
3051, GPU[1].SA[11].L1ITLB, miss, 5.000000000000
3052, GPU[1].SA[11].L1ITLB, mshr-hit, 0.000000000000
3053, GPU[1].SA[12].L1ITLB, hit, 27.000000000000
3054, GPU[1].SA[12].L1ITLB, miss, 4.000000000000
3055, GPU[1].SA[12].L1ITLB, mshr-hit, 0.000000000000
3056, GPU[1].SA[13].L1ITLB, hit, 26.000000000000
3057, GPU[1].SA[13].L1ITLB, miss, 4.000000000000
3058, GPU[1].SA[13].L1ITLB, mshr-hit, 0.000000000000
3059, GPU[1].SA[14].L1ITLB, hit, 42.000000000000
3060, GPU[1].SA[14].L1ITLB, miss, 4.000000000000
3061, GPU[1].SA[14].L1ITLB, mshr-hit, 0.000000000000
3062, GPU[1].SA[15].L1ITLB, hit, 28.000000000000
3063, GPU[1].SA[15].L1ITLB, miss, 1.000000000000
3064, GPU[1].SA[15].L1ITLB, mshr-hit, 0.000000000000
3065, GPU[1].L2TLB, hit, 289.000000000000
3066, GPU[1].L2TLB, miss, 300.000000000000
3067, GPU[1].L2TLB, mshr-hit, 15.000000000000
3068, GPU[1].RDMA, outgoing_trans_count, 0.000000000000
3069, GPU[1].RDMA, incoming_trans_count, 0.000000000000
3070, GPU[1].DRAM[0], read_trans_count, 311.000000000000
3071, GPU[1].DRAM[0], write_trans_count, 526.000000000000
3072, GPU[1].DRAM[0], read_avg_latency, 0.000000039505
3073, GPU[1].DRAM[0], write_avg_latency, 0.000000053141
3074, GPU[1].DRAM[0], read_size, 19904.000000000000
3075, GPU[1].DRAM[0], write_size, 30100.000000000000
3076, GPU[1].DRAM[1], read_trans_count, 78.000000000000
3077, GPU[1].DRAM[1], write_trans_count, 224.000000000000
3078, GPU[1].DRAM[1], read_avg_latency, 0.000000048744
3079, GPU[1].DRAM[1], write_avg_latency, 0.000000059000
3080, GPU[1].DRAM[1], read_size, 4992.000000000000
3081, GPU[1].DRAM[1], write_size, 14336.000000000000
3082, GPU[1].DRAM[2], read_trans_count, 272.000000000000
3083, GPU[1].DRAM[2], write_trans_count, 230.000000000000
3084, GPU[1].DRAM[2], read_avg_latency, 0.000000039074
3085, GPU[1].DRAM[2], write_avg_latency, 0.000000058374
3086, GPU[1].DRAM[2], read_size, 17408.000000000000
3087, GPU[1].DRAM[2], write_size, 14720.000000000000
3088, GPU[1].DRAM[3], read_trans_count, 261.000000000000
3089, GPU[1].DRAM[3], write_trans_count, 203.000000000000
3090, GPU[1].DRAM[3], read_avg_latency, 0.000000039287
3091, GPU[1].DRAM[3], write_avg_latency, 0.000000056414
3092, GPU[1].DRAM[3], read_size, 16704.000000000000
3093, GPU[1].DRAM[3], write_size, 10604.000000000000
3094, GPU[1].DRAM[4], read_trans_count, 258.000000000000
3095, GPU[1].DRAM[4], write_trans_count, 76.000000000000
3096, GPU[1].DRAM[4], read_avg_latency, 0.000000038814
3097, GPU[1].DRAM[4], write_avg_latency, 0.000000059000
3098, GPU[1].DRAM[4], read_size, 16512.000000000000
3099, GPU[1].DRAM[4], write_size, 4864.000000000000
3100, GPU[1].DRAM[5], read_trans_count, 159.000000000000
3101, GPU[1].DRAM[5], write_trans_count, 76.000000000000
3102, GPU[1].DRAM[5], read_avg_latency, 0.000000042679
3103, GPU[1].DRAM[5], write_avg_latency, 0.000000059000
3104, GPU[1].DRAM[5], read_size, 10176.000000000000
3105, GPU[1].DRAM[5], write_size, 4384.000000000000
3106, GPU[1].DRAM[6], read_trans_count, 108.000000000000
3107, GPU[1].DRAM[6], write_trans_count, 46.000000000000
3108, GPU[1].DRAM[6], read_avg_latency, 0.000000046778
3109, GPU[1].DRAM[6], write_avg_latency, 0.000000059000
3110, GPU[1].DRAM[6], read_size, 6912.000000000000
3111, GPU[1].DRAM[6], write_size, 2944.000000000000
3112, GPU[1].DRAM[7], read_trans_count, 93.000000000000
3113, GPU[1].DRAM[7], write_trans_count, 46.000000000000
3114, GPU[1].DRAM[7], read_avg_latency, 0.000000047355
3115, GPU[1].DRAM[7], write_avg_latency, 0.000000059000
3116, GPU[1].DRAM[7], read_size, 5952.000000000000
3117, GPU[1].DRAM[7], write_size, 2944.000000000000
3118, GPU[1].DRAM[8], read_trans_count, 54.000000000000
3119, GPU[1].DRAM[8], write_trans_count, 36.000000000000
3120, GPU[1].DRAM[8], read_avg_latency, 0.000000044741
3121, GPU[1].DRAM[8], write_avg_latency, 0.000000059000
3122, GPU[1].DRAM[8], read_size, 3456.000000000000
3123, GPU[1].DRAM[8], write_size, 2304.000000000000
3124, GPU[1].DRAM[9], read_trans_count, 60.000000000000
3125, GPU[1].DRAM[9], write_trans_count, 36.000000000000
3126, GPU[1].DRAM[9], read_avg_latency, 0.000000047800
3127, GPU[1].DRAM[9], write_avg_latency, 0.000000059000
3128, GPU[1].DRAM[9], read_size, 3840.000000000000
3129, GPU[1].DRAM[9], write_size, 2304.000000000000
3130, GPU[1].DRAM[10], read_trans_count, 60.000000000000
3131, GPU[1].DRAM[10], write_trans_count, 36.000000000000
3132, GPU[1].DRAM[10], read_avg_latency, 0.000000045500
3133, GPU[1].DRAM[10], write_avg_latency, 0.000000059000
3134, GPU[1].DRAM[10], read_size, 3840.000000000000
3135, GPU[1].DRAM[10], write_size, 2304.000000000000
3136, GPU[1].DRAM[11], read_trans_count, 54.000000000000
3137, GPU[1].DRAM[11], write_trans_count, 36.000000000000
3138, GPU[1].DRAM[11], read_avg_latency, 0.000000046778
3139, GPU[1].DRAM[11], write_avg_latency, 0.000000059000
3140, GPU[1].DRAM[11], read_size, 3456.000000000000
3141, GPU[1].DRAM[11], write_size, 2304.000000000000
3142, GPU[1].DRAM[12], read_trans_count, 48.000000000000
3143, GPU[1].DRAM[12], write_trans_count, 36.000000000000
3144, GPU[1].DRAM[12], read_avg_latency, 0.000000050875
3145, GPU[1].DRAM[12], write_avg_latency, 0.000000059000
3146, GPU[1].DRAM[12], read_size, 3072.000000000000
3147, GPU[1].DRAM[12], write_size, 2304.000000000000
3148, GPU[1].DRAM[13], read_trans_count, 48.000000000000
3149, GPU[1].DRAM[13], write_trans_count, 36.000000000000
3150, GPU[1].DRAM[13], read_avg_latency, 0.000000048375
3151, GPU[1].DRAM[13], write_avg_latency, 0.000000059000
3152, GPU[1].DRAM[13], read_size, 3072.000000000000
3153, GPU[1].DRAM[13], write_size, 2304.000000000000
3154, GPU[1].DRAM[14], read_trans_count, 48.000000000000
3155, GPU[1].DRAM[14], write_trans_count, 36.000000000000
3156, GPU[1].DRAM[14], read_avg_latency, 0.000000048375
3157, GPU[1].DRAM[14], write_avg_latency, 0.000000059000
3158, GPU[1].DRAM[14], read_size, 3072.000000000000
3159, GPU[1].DRAM[14], write_size, 2040.000000000000
3160, GPU[1].DRAM[15], read_trans_count, 60.000000000000
3161, GPU[1].DRAM[15], write_trans_count, 24.000000000000
3162, GPU[1].DRAM[15], read_avg_latency, 0.000000047800
3163, GPU[1].DRAM[15], write_avg_latency, 0.000000059000
3164, GPU[1].DRAM[15], read_size, 3840.000000000000
3165, GPU[1].DRAM[15], write_size, 1536.000000000000
